kod_consumer;name_consumer;kod_grp;kod_seti;kod_rem;kod_otr;kod_podotr
15313800;ПП Каменяр;138;15;1535;36;36
15313801;ТЕСТУ;138;15;1535;36;36
15313802;ТЕСТУ2;138;15;1535;36;36
15315000;Держлісгосп;150;15;1535;35;35
15334700;ВПВКГ;347;15;1535;50;51
72101100;Власне споживання, брутто;11;7;721;10;10
72101102;"Блок ст ""брутто""";11;7;721;15;15
72101200;Корисний відпуск;12;7;721;17;17
72101700;Втрати в мережах;17;7;721;15;15
72101701;В/в втрати;17;7;721;15;15
72101800;Виробничі потреби;18;7;721;16;16
72103001;ЗОШ №23;30;7;721;50;67
72103002;ЗОШ №23 м. Вінниці;30;7;721;50;67
72103003; Він коледж КНУБІА;30;7;721;52;52
72103004;Він. торг-ек інст. КНТЕУ;30;7;721;52;52
72103005;Вінницький нац агр унів;30;7;721;52;52
72103006;Він транспортний коледж;30;7;721;52;52
72103007;Він.обл.ендокрин центр;30;7;721;50;67
72103008;Він.мед.коледж Заболотн;30;7;721;52;52
72103009;Міс клин лікарня №3;30;7;721;50;67
72103010;ДНЗ Вище пр уч №7м.Він;30;7;721;52;52
72103011;Центр проф-тех освіти №1;30;7;721;52;52
72103012;ЗОШ 1-111ст.№36м.Вінн;30;7;721;43;43
72103013;"КЗ ""ДНЗ № 7""";30;7;721;52;52
72103014;ТІВГ 'Київський';30;7;721;52;52
72103015;"КЗ""Центр первин. МСД №6""";30;7;721;50;67
72103017;ВТЕК КНТЕУ;30;7;721;50;67
72103099;Вище профучЛДУ БЖД;30;7;721;52;52
72103100;Вінтеплокомуненерго 1614;31;7;721;50;51
72103101;"ТОВ""Хлібпром""";31;7;721;41;65
72103102;ВОТЕ (Медведева)4011;31;7;721;50;51
72103103;ВОТЕ ((Мічуріна) 4011;31;7;721;50;51
72103104;ВОТЕ (Пирогова) 4011;31;7;721;50;51
72103105;ВОТЕ (загальн) 4011;31;7;721;50;51
72103106; ТОВ Міськжитлотепло 2422;31;7;721;50;51
72103107;Лордекс Менеджмент;31;7;721;50;51
72103108;ннн;31;7;721;50;51
72103109;нгнн;31;7;721;50;51
72103110;ннн;31;7;721;50;51
72103111;ннн;31;7;721;50;51
72103112;ФОП Хован Раїса Пилип;31;7;721;50;67
72103113;ТОВ 'Логістик-Центр';31;7;721;50;67
72103114;ДПТНЗ ВЦПТОТД;31;7;721;50;67
72103115;ФОП Пилявець О Г;31;7;721;50;67
72103116;ФОП Ларюшкін О О;31;7;721;50;67
72103117;"Приват підп""Мешканець""";31;7;721;50;51
72103118;"ТОВ ""Агровіт Груп""";31;7;721;50;67
72103119;ФО Кочубинська Т.М.;31;721;7;50;67
72103120;"ТОВ ""КЕЛЕЦЬКА-СЕРВІС""";31;721;7;50;67
72103121;"ТОВ ""МІОЛ 1""";31;721;7;50;67
72103200;Освітлення, побут;32;7;721;52;52
72103300;Водоканал (ПС 110/10)1216;33;7;721;50;51
72103301;Водоканал (ПС 110/10 Авіс;33;7;721;50;51
72103302;Вінницяволоканал (НСК 1А);33;7;721;50;51
72103303;Вінницяводоканал(НСК 1А);33;7;721;50;51
72103304;Вінницяводоканал (заг.сп);33;7;721;50;51
72103305;КНС центр;33;7;721;50;51
72103400;ТТУ (в.Коцюбинського)123;34;7;721;45;47
72103401;ТТУ (Хм.ш.29) 123;34;7;721;45;47
72103402;ТТУ (Пирогова) 123;34;7;721;45;47
72103403;ТТУ (Грибоєдова);34;7;721;45;47
72103404;ТТУ (1 Травня,98) 123;34;7;721;45;47
72103405;ТТУ (Ватутіна);34;7;721;45;47
72103406;ТТУ(Тарногородського14);34;7;721;45;47
72103407;ТТУ (Келецька,54);34;7;721;45;47
72103408;ТТУ (Некрасова);34;7;721;45;47
72103409;ТТУ (Кірова);34;7;721;45;47
72103410;ТТУ (Лебединського);34;7;721;45;47
72103411;ТТУ (Хлібна);34;7;721;45;47
72103412;ТТУ (Тарногородського, 44;34;7;721;45;47
72103413;ТТУ (Келецька23);34;7;721;45;47
72103414;ТТУ (Келецька,98);34;7;721;45;47
72103415;ТТУ (Фрунзе);34;7;721;45;47
72103416;ТТУ (30 річчя Перемоги);34;7;721;45;47
72103417;ТТУ (Фрунзе,2);34;7;721;45;47
72103418;ТТУ (Хм.ш., 143);34;7;721;45;47
72103419;ТТУ (Некрасова, 127);34;7;721;45;47
72103420;ТТУ (заг.сп) 123;34;7;721;45;47
72104000;"ТОВ МФ ""Агроінвест""(3992)";40;7;721;44;44
72104002;"ТОВ ""Вінницяагромаш"" (7)";40;7;722;44;44
72104003;Сільгоспспоживачі;40;7;721;44;44
72110100;"ВАТ""Півд зах ел техн""(200";101;7;721;49;49
72110101;"ДП ""Він. мехколона"" (725)";101;7;721;49;49
72110102;ФОП Вокалюк Л.Е. (614);101;7;721;43;43
72110103;ДП НЕК Укренерго (346);101;7;721;43;43
72110104;ВАТ Агромашкомплект(2286);101;7;721;29;62
72110400;АГНКС - 2 (1237);104;7;721;45;48
72110401;АГНКС - 1 (1237);104;7;721;45;48
72110402;"ВАТ ""Вінницягаз"" (336)";104;7;721;29;62
72110403;"ТОВ ""Техногаз"" (552)";104;7;721;29;62
72110404;"УГГ ""Віннтцягаз"" (421)";104;7;721;29;62
72110405;"ДП ""Укравтогаз"" НАК Нафто";104;7;721;45;48
72110406;"ПАТ ""Конц. Галтафтогаз""";104;7;721;29;62
72110900;"ЗАТ ""Побутхім"" (1526)";109;7;721;26;61
72110901;"ТОВ ""Оспром"" (51)";109;7;721;26;61
72110902;"ЗАТ РБМУ""Хімремонт""(2795)";109;7;721;29;62
72110903;"ТОВ ""Будхіміндустрія(4331";109;7;721;29;62
72111000;"ЗАТ""Вінницявтормет"" (340)";110;7;721;43;43
72111001;"ЗАТ ""Укрвторчермет""2330";110;7;721;43;43
72111300;"Завод ""Кристал"" 1236";113;7;721;43;43
72113100;Він.інструм.з-д (1206);131;7;721;29;32
72113101;"ТОВ ""Анод"" 1284";131;7;722;29;62
72113500;ТОВ ВПК (ГПЗ)  2390;135;7;721;29;33
72113501;"ВАТ ""ВЗТА"" (1243)";135;7;721;29;34
72113502;"З-д ""пНЕВМАТИКА"" 611";135;7;721;29;34
72113503;"тов ""Бета -В"" (1314)";135;7;721;41;65
72113504;"ТОВ ""ВОМЗ"" 1210";135;7;721;29;62
72114200;"ВАТ ""Маяк"" (1200)";142;7;721;29;62
72114201;"тов ""Сармат"" (1201)";142;7;721;29;62
72114202;"ТОВ ""Енерготерм"" (2224)";142;7;721;29;62
72114203;"СНПП ""Форт"" (1202)";142;7;721;29;62
72114204;"ДІВП ""Інфракон""  (468)";142;7;721;29;62
72114205;"СП ""Анфол"" (605)";142;7;721;29;62
72114206;ВСКП 26  (130);142;7;721;49;49
72114207;"ТОВ ""Полімер"" (634)";142;7;721;29;62
72114208;"ТОВ ""Альянс холдінг""(4591";142;7;721;45;66
72114209;Вінницяспецобладнання (28;142;7;721;29;62
72114210;Торгово-економ. ін-т (230;142;7;721;52;52
72114300;ЕМУ Він.ламп.з-д (1203);143;7;721;29;62
72114301;"РТК ""Оргтехніка"" (412)";143;7;721;29;62
72114400;Військова част 3008;144;7;721;52;52
72114401;Вінвиправна колонія №86;144;7;721;52;52
72114402;УВПУДПС у Він. обл.(№1);144;7;721;52;52
72114403;КЕВ м.Вінниця (А1231);144;7;721;52;52
72114404;КЕВ м.Вінниця (А2287);144;7;721;52;52
72114405;ВМВУМВСУкраіниВінобл;144;7;721;52;52
72114500;ТОВ фирма 'Хлібпром';145;7;721;29;62
72114501;ФОП Мороз В.А;145;7;721;29;62
72115000;"ТОВ ""Компанія ВМК""(21)";150;7;721;35;35
72115001;ФОП Кіпоренко (1427);150;7;721;29;62
72115002;"ТОВ ""Регіна ЛТД"" (599)";150;7;721;35;35
72115003;"""Барлінек Україна"" (4047)";150;7;721;35;35
72115200;Володим.масив (1207);152;7;721;36;63
72115201;"ТОВ""Екобудресурс""(1208)";152;7;721;36;63
72115202;"ТОВ ""Лабораторія (1178)";152;7;721;36;63
72115203;"ВАТ ""Гнів.к-р"" (1225)";152;7;721;36;63
72115204;Упр.мех.та буд.(46);152;7;721;49;49
72115205;"""Південьзахідшляхбуд""(45)";152;7;721;50;67
72115206;Упр.водного госп.(430);152;7;721;29;62
72115207;"ТОВ ""Залізобетонцентр"" ";152;7;721;49;49
72115208;"ТОВ ""Вінхарчорембуд""(290)";152;7;721;49;49
72115209;"ТОВ""Тисо і К"" (368)";152;7;721;36;63
72115210;ТОВ Вінницький ЕМЗ  ;152;7;721;29;62
72115211;Лікарня №3;152;7;721;52;52
72115212;"""Газбудсервіс"" (1161)";152;7;721;49;49
72115213;"""Вінницький АБЗ"" (382)";152;7;721;36;63
72115214;Фірма Селенга (812);152;7;721;52;52
72115215;"ТОВ ""ВП Ріца"" (2876)";152;7;721;36;63
72115216;"ПП ""ТК Домострой"" (4249)";152;7;721;36;63
72115217;"Підпр-во ""Гассіб""(1185)";152;7;721;52;52
72115218;"ПрАТ ""Будматеріали""";152;7;721;36;63
72115219;"ПАТ ""ПлазмаТек""";152;7;721;36;63
72115220;ФОП Паламарчук А В;152;7;721;36;63
72115302;"ПАТ ""Володарка""";153;7;721;39;64
72115303;"ЗАТ ""Поділля "" (1240)";153;7;721;39;64
72115304; Еспрес -В (2935);153;7;721;43;43
72115305;"ТОВ ""ЗУТМІ""";153;7;721;39;64
72130000;"ПАТ ""Глазер-Юн""(2441)";300;7;721;41;65
72130001;"ТОВ""Трейдленд""(4511)";300;7;721;52;52
72130002;ПП Феріде Плаза(3997);300;7;721;52;52
72130003;"ТОВ""Подільський край""";300;7;721;41;65
72130004;ВМЖК (1234);300;7;721;41;65
72130005;Кондитерська ф-ка (1227);300;7;721;41;65
72130006;"ТОВ ""Сотка""(32)";300;7;721;41;65
72130007;"ВАТ ""Дослідний завод""(83)";300;7;721;29;62
72130008;"ТОВ ""Агроград В""  (2537) ";300;7;721;43;43
72130009;"ТОВ ""Вінтар"" (41)";300;7;721;29;62
72130010;" ПП""Озуріт""(818)";300;7;721;52;52
72130011;"ПАТ ""І-Ф""Вінницям'ясо""";300;7;721;41;65
72130012;"ТОВ""Марлін""(3875)";300;7;721;41;65
72130013;"АКБ ""Укрсіббанк"" (2838)";300;7;721;52;52
72130014;"ДП ""Пінополістірол""(1231)";300;7;721;29;62
72130015;База облкоопснаб (433);300;7;721;41;65
72130016;Вінницький ДОЗ (439);300;7;721;35;35
72130017;Петренко В.О. (174);300;7;721;49;49
72130018;Він.СПМК -67 (971);300;7;721;49;49
72130019;Поділля-Залізобетон (1238;300;7;721;36;63
72130020;Упр.держ.казнач.(4161);300;7;721;52;52
72130021;"ТОВ ""Він.з-д полег.констр";300;7;721;36;63
72130022;"ПП ""СБМУ-8"" (664)";300;7;721;49;49
72130023;Консервний з-д (1209);300;7;721;41;65
72130024;" ""Комбікормовий з-д""(1213";300;7;721;41;65
72130025;ТОВ Московін (4871);300;7;721;49;49
72130026;"""Аграна Фрут ..""(1247)";300;7;721;41;65
72130027;"ТОВ ""Поліс-Україна""(4477)";300;7;721;43;43
72130028;Будмонтажпроект(2498);300;7;721;49;49
72130029;"ТОВ ""АВІС"" (1132)";300;7;721;41;65
72130030;"ТОВ""Промислова група(4434";300;7;721;49;49
72130032;Він.харчосмакова (1379);300;7;721;41;65
72130033;"ВАТ ""ВЗФКІВ "" (1386)";300;7;721;41;65
72130034;"ДП ""Маяк"" (1324)";300;7;721;29;62
72130035;ФОП Федотюк Н.О.(4366);300;7;721;50;67
72130036;"ВФ ""Панда"" (1393)";300;7;721;41;65
72130037;"ВАТ ""Він.блпостач""(140)";300;7;721;29;62
72130038;"РСП ""Київцентраеро"" (1294";300;7;721;45;66
72130039;"""Автобусний парк""(312)";300;7;721;45;66
72130040;ФОП Максимко Д.В.(4237);300;7;721;35;35
72130041;Він.металопостач (60);300;7;721;29;62
72130042;Ремтехсільмаш (726);300;7;721;29;62
72130043;"ТКЕ ""Маяк"" (1242)";300;7;721;50;51
72130044;"ТОВ НВП ""Елект тех"" (597)";300;7;721;29;62
72130045;АМІК (440);300;7;721;41;65
72130046;ВОКП гром .харч.(353);300;7;721;41;65
72130047;"ПП ""Продкомпанія""(1737)";300;7;721;41;65
72130048;"ТОВ ""Фактор-Нафтогаз""";300;7;721;45;66
72130049;"ЗАТ ""Інфузія"" (2973)";300;7;721;41;65
72130050;"ТОВ ""АВА-1"" (4166)";300;7;721;36;63
72130051;"ТОВ ""Вінпромхолод""(394)";300;7;721;41;65
72130052;"ТОВ""Касталема""";300;7;721;52;52
72130053;"ТОВ ""КОМПАС ГРУП""";300;7;721;52;52
72130054;АТ 'УКРСИББАНК';300;7;721;52;52
72130055;"ТОВ ""Електротранзит""";300;7;721;52;52
72130056;"МПП Фірма""Ерідон""";300;7;721;52;52
72130057;"ПАТ ""Інтерпайп Дніпроп""";300;7;721;52;52
72130058;"ДП ""Віноблагроліс""";300;7;721;52;52
72130059;"ТОВ ""ТРІАДА-МК""";300;7;721;52;52
72130060;" ТОВ ""Агрикола""";300;7;721;52;52
72133600;Він.хлібзаво №2 (1233);336;7;721;41;65
72133601;"ПАТ ""Концерн""Хлібпром"" ";336;7;721;41;65
72133602;ТОВ Міськжитлотепло(2422);336;7;721;50;51
72133603;"""Вінниця-млин  (1499)";336;7;721;43;43
72133604;"ТОВ ""Ремаса""(298)";336;7;721;45;66
72133605;"ТОВ фірма ""Хлібпром""";336;7;721;43;43
72134500;Басейн.упр. річки ПБ;345;7;721;44;44
72134501;"ДП ""Вінницький лісгосп""";345;7;721;44;44
72134700;СПМУ 61 (229);347;7;721;49;49
72134701;"ТОВ ""Авто-форум""(483)";347;7;721;29;62
72134702;"ТОВ ""КЕС УА Холдинг""(3764";347;7;721;49;49
72135000;ТОВ СБІ (576);350;7;721;29;62
72135500;Він.авіаційний з-д (1217);355;7;721;29;62
72135501;Аеропор (414)т ;355;7;721;45;66
72135701;Центр проф тех осв (2158);357;7;721;52;52
72135702;"Він.дир. ""Укртелеком""(442";357;7;721;52;52
72135703;"ТОВ ""Агробудтехноло"" 3861";357;7;721;52;52
72135704; ТОВ Кредо (1582);357;7;721;52;52
72135705;ФОП  Щур Н.В. (1886);357;7;721;43;43
72135706;ПП Пискач (684);357;7;721;41;65
72135707;Концерн РРТ (388);357;7;721;52;52
72136801;ФОП Нечипоренко (855);368;7;721;41;65
72137000;"ЗАТ ""Акцент""(882)";370;7;721;52;52
72137001;"ТОВ ""Металопласт"" (37)";370;7;721;29;62
72137002;СПД Немерський (1804);370;7;721;52;52
72137003;Він.СКТБ ОПК (731);370;7;721;49;49
72137004;"ДП ВСУ ""Стальконс"" (197)";370;7;721;49;49
72137005;"ТОВ ""Першотравневе"" (35)";370;7;721;49;49
72138000;"МП ""Юлія"" (603)";380;7;721;43;43
72138001; ТОВ Вікінги ЛТД (2509);380;7;721;43;43
72138002;Облжитлопостач.(62);380;7;721;43;43
72138003; ПП Кряж (4308);380;7;721;43;43
72138004;"ТОВ ""Еліт"" (2302)";380;7;721;52;52
72138005;"ПП""Елма-сервіс"" (1150)";380;7;721;29;62
72138006;Вінницький універмаг( 407;380;7;721;52;52
72138007;СПД Гетце Н.М. (2069);380;7;721;52;52
72138008;"Торг.дім ""Ель-Тур"" (208)";380;7;721;52;52
72138009;"ТОВ ""Фоззі Фуд""(3676)";380;7;721;52;52
72138010;"ТОВ ""Петроцентр (129)";380;7;721;52;52
72138011;"ТОВ ""Метро"" (4637)";380;7;721;52;52
72138012;"""Об""єднання ринків""(158)";380;7;721;52;52
72138013;"ПП ""Феріде"" (753)";380;7;721;52;52
72138014;"ТОВ ""Магіцентр"" (4211)";380;7;721;52;52
72138015;"ТОВ ""Господарник"" (2925)";380;7;721;52;52
72138016;"ТОВ ""ВІМ І КО""";380;7;721;52;52
72138017;ПП Суржиков (2228);380;7;721;29;62
72138018;ПП Саблук О.М. (2455);380;7;721;52;52
72138019;ФОП Ногаль П.О.(2800);380;7;721;52;52
72138020;"ТОВ ""Акцент-інвест""";380;7;721;52;52
72138021;" ТОВ ""АВС - цитрус"" (474)";380;7;721;52;52
72138022; МПП Руслана (4711);380;7;721;52;52
72138023;"ТОВ  ""Трейдленд"" (4511)";380;7;721;52;52
72138024;ФОП Ларюшкін (4621);380;7;721;52;52
72138025;"ПП ""Стан"" (4553)";380;7;721;43;43
72138026;"ТОВ""Альпарі Кельце,, (69)";380;7;721;52;52
72138027;"ТОВ ""ЕпіцентрК"" 3185";380;7;721;52;52
72138028;САВ Дістрібют(3962);380;7;721;52;52
72138029;"ТОВ ""Епіцентр К"" (3185)";380;7;721;52;52
72138030;"ВФ ""Концерн""ВІйськторгсер";380;7;721;50;67
72138031;"ТОВ ""Фірма ""ВІТЕКС""";380;7;721;50;67
72138032;"ТОВ ""Фроззі-Фуд"" Келецька";380;7;721;52;52
72138033;"ТОВ ""Фроззі-Фуд"" Привокза";380;7;721;52;52
72138034;"ТОВ ""НВП ""АРГОН""";380;7;721;52;52
72138035;"ПІІ ""МакДональдзЮкрейн""";380;7;721;52;52
72138036;АТБ Маркет;380;7;721;52;52
72138037;"ТОВ ""Варус - П""";380;7;721;50;67
72138038;ТОВ фірма 'Авіценна';380;7;721;50;67
72138039;ПП 'Конекс';380;7;721;50;67
72138040;"ТОВ ""Оптіма-Фарм.ЛТД""";380;7;721;50;67
72138041;ФО Лихогляд Андрій Віт;380;7;721;50;67
72138042;ФОП Суржиков В І;380;7;721;50;67
72138043;"ТОВ ""Магістраль - 2002""";380;7;721;50;67
72138044;"ПП ""Компанія Версаль""";380;7;721;50;67
72138045;ФОП Максименко А.І;380;7;721;52;52
72138046;"ТОВ""ЛордексМенГруп""";380;7;721;50;67
72138047;"ТОВ ""Фруктона-ВН""";380;721;7;52;52
72138048;ДП АВТОТРЕЙДІНГ-ВІННИЦЯ;380;721;7;52;52
72138049;"ПАТ ""Львівгуртбакалія """;380;721;7;52;52
72138050;"ТОВ ""СУПУТНИК ЦЕНТР""";380;721;7;52;52
72138200;З-д торгов.обл.(170);382;7;721;29;62
72138203;ФОП Беляш О.М. (3714);382;7;721;49;49
72138204;"МЧП ""Оптиміст"" (1191)";382;7;721;52;52
72139500;Він обл філармонія;395;7;721;50;67
72140800;45-й завод (1211);408;7;721;29;62
72140801;732 -й військов.з-д (1212;408;7;721;29;62
72141200;"ТОВ ""Союз Партнер""";412;7;721;35;35
72141201;Будмаш Віннич.(4044);412;7;721;29;62
72142200;Друкарня (31);422;7;721;43;43
72142201;"ТОВ ""Консоль"" (2007)";422;7;721;43;43
72142202;ТОВ Техпослугт(3912);422;7;721;29;62
72142203;Біомед (3741);422;7;721;52;52
72142204;"ТОВ""Енергоінвест"" (4002)";422;7;721;43;43
72144000;"ПП""Елеватормлинмонтаж""";440;7;721;49;49
72144001;Вітаком (2501);440;7;721;43;43
72144002;"ТОВ ""Терези"" (2932)";440;7;721;49;49
72144003;"Завод ""Будмаш""  (171))";440;7;721;29;62
72144004;ВОКСЛП (1696);440;7;721;49;49
72144005;"ПКД ""Спецбуд""(192)";440;7;721;49;49
72144006;Він.хутор.мясопер.(2363);721;7;721;41;65
72144007;"ТОВ ""Вінницьке УМБ""";440;7;721;52;52
72144008;"ТОВ ВКП ""Сенс ЛТД""(792)";440;7;721;52;52
72144009;"ДП""Енергомонтаж№"" (183)";440;7;721;49;49
72144010;"ПАТ ""УКРГАЗБУД""";440;7;721;49;49
72144011;"ПМВКП ""Нормаль"" (1968)";899;7;721;43;43
72144012;Автобаза водгоспу (511);440;7;721;45;66
72144013;"ТОВ ""Промислова гру"" 4434";717;7;721;49;49
72144014;"ВАТ""Агромашкомплект""(2286";440;7;721;49;49
72144015;ФРП Сандрагось В.П.(604);440;7;721;29;62
72144016;"ТОВ ""МУР""";440;7;721;49;49
72144017;"ТОВ ""БМУ-3""";440;7;721;49;49
72144018;"ТОВ ""Азімут - Інвест""";440;7;721;49;49
72144019;"ТОВ ""Технобізнес""";440;7;721;49;49
72144020;"ТОВ ""Градо Строй""";440;721;7;49;49
72144021;"ТОВ ""ПОДІЛЬСЬКИЙ ЕНЕРГОКОНСАЛТИНГ""";440;721;7;49;49
72144022;ТОВ 'Вінницябуд';440;721;7;49;49
72145100;Картографічна ф-ка (1235);451;7;721;43;43
72145101;"ТОВ ""Прескорпор..(2742)";451;7;721;43;43
72145102;"ПП ""Поліграфіст-В""";451;7;721;43;43
72170100;"ТОВ""Металіст""(1239)";701;7;721;29;62
72170101;"ПАТ ""Глазер Юн""";701;7;721;43;43
72170102;"Ф-ма ""Комета"" (734)";701;7;721;43;43
72171600;"ТОВ ф-а ""Егаско ЛТД"" 1704";716;7;721;43;43
72171601;"ПАТ ""Будмонтажпроект""2498";716;7;721;45;66
72172001;"ТОВ ""Магігрант"" (4966)";720;7;721;52;52
72172003;"ТОВ ""Селенга"" (812)";720;7;721;52;52
72172004; ФОП Качура Ф.П. (1023);720;7;721;52;52
72172100;"ТОВ ""Ферум"" (2516)";721;7;721;36;63
72172101;"ВАТ ""Вінспецавт."" (85)";721;7;721;45;66
72172102;ПП Хмара (1488);721;7;721;45;66
72172103;"ТОВ ""Джерман центр""(4617)";721;7;721;45;66
72172104;"ТОВ ""ТСК ""Пасаж""";721;7;721;52;52
72172105;СПД Малахов С.А. (499);721;7;721;45;66
72172106;ФОП Астапкевич О.Г.(4790);721;7;721;52;52
72172107;Вінагротранссервіс (396);721;7;721;45;66
72172108;"ТОВ ""Вікінги"" (2509)";721;7;721;49;49
72172109;СПД Зелінська Т.В. (1846);721;7;721;52;52
72172110;ФОП Безрученко (3565);721;7;721;43;43
72172111;"ВАТ""Вінничина-Авто"" (420)";721;7;721;45;66
72172112;"ТОВ ""Панкор"" (4736)";721;7;721;52;52
72172113;ФОП Юрчак О.А. (4763);721;7;721;50;67
72172114;ПП Романішина  (157);721;7;721;44;44
72172115;ФОП Ключар К.С.(4522);721;7;721;49;49
72172116;ФОП Марковський С С;721;7;721;45;66
72172117;ФОП Абуашвілі І Н;721;7;721;45;66
72172400;"ПП ""Едвайс СВ"" (3663)";724;7;721;50;67
72172401;"ОАО ""Обл.з-д ЖБіК""(144)";724;7;721;36;63
72172403;"ДКП ""Вінницязеленбуд""(201";724;7;721;52;52
72172404;Упр.комун.власності  (321;724;7;721;52;52
72172405;"Автобаза зв""язку (262)";724;7;721;45;66
72172406;"ВАТ ""ВАТП-10556"" (261)";724;7;721;45;66
72172407;ЦОПП УДППЗ Укрпошта;724;7;721;50;67
72173000;"ТОВ ""Совек"" (4583)";730;7;721;45;66
72173001;"ТОВ ""Кедр -КВ""(3761)";730;7;721;35;35
72173002;"СПД""Рудницький"" (282)";730;7;721;50;67
72173003;"ПМ ПВКУ""Короавй""(114)";730;7;721;50;67
72173004;"ТОВ ""Зодчий""(3832)";370;7;721;50;67
72173005;ФОП Дементьєв О.Ю. (3863);370;7;721;29;62
72173006;"ТОВ ""Інтехдорсервіс""(3650";730;7;721;49;49
72173007;"ПП ""Поділля -ТМВ"" 3613";730;7;721;52;52
72173008;"ТОВ ""Ві.Буд-інд-я""3602";730;7;721;36;63
72173009;ТОВ Упр.коммерц.3569;730;7;721;52;52
72173010;"ТОВ""Металоцентр""3566";730;7;721;29;62
72173011;"ТОВ ""Даймон-центр""(3890)";730;7;721;52;52
72173012;ФОП Базелюк В.Ф.;370;7;721;50;67
72189900;"Ф-ка ""Динамо"" (63)";899;7;721;39;64
72189901;"ТОВ""Техпослуги""(3912)";899;7;721;36;63
72189902;УПП УТОС (214);899;7;721;29;62
72189903;УТОГ (173);899;7;721;39;64
72189904;"ВМ ЦПРІ ""Поділля""";899;7;721;52;52
72189905;Шпиталь ІВВВ (374);899;7;721;52;52
72189906;Управління СБУ   (44);899;7;721;52;52
72189907;"ТОВ ""Поділлятрейд. (3934)";899;7;721;52;52
72189908;"ПП ""Дячун"" (630)";899;7;721;52;52
72189909;Він.міжколг.ст.насін.(752;899;7;721;44;44
72189910;"ТОВ""Подільська Січ""(4110)";899;7;721;52;52
72189911;"ТОВ ""Вінбуд-комплект""";899;7;721;52;52
72189912;"ТОВ ""САВ -Дістр.."" (3962)";899;7;721;52;52
72189913;"ПП ""Комп.Версаль""(3965)";899;7;721;52;52
72189914;ВКЕПОП (30);899;7;721;52;52
72189915;Вінницяплодоовощ.. (281);899;7;721;52;52
72189916;Сан.ВПС України (397);899;7;721;52;52
72189917;МКЛ швидкої мед.д (486);899;7;721;52;52
72189918;Лікарня ім.Пирогова (148);899;7;721;52;52
72189919; КЕЧ (49);899;7;721;52;52
72189920;"ПП ""Азга - Ліс"" (456)";899;7;721;45;66
72189921;"ТОВ ""Вінторгбуд"" (481)";899;7;721;49;49
72189922;"ПСК""П-во облспоживспіл(82";899;7;721;52;52
72189923;ВБУ ГУДСО МВС Укр .(187);899;7;721;52;52
72189924;Стандартметрологія (223);899;7;721;52;52
72189925;Пологовий буд 2(451);899;7;721;52;52
72189926;"СУПП ТОВ ""Варта"" (2986)";899;7;721;52;52
72189927;Він.пологов.будинок (459);899;7;721;52;52
72189928;"ТОВ ""Феріде-плаза""(3997)";899;7;721;52;52
72189929;ВДМУ ім.Порогова (42);899;7;721;52;52
72189930;"ТОВ ""Сафарі-клуб"" (2616)";899;7;721;52;52
72189931;Лікарня ім.Ющенко (67);899;7;721;52;52
72189932;Політехнічний тех-м (100);899;7;721;52;52
72189933;"ТОВ ""Аркадія"" (4289)";899;7;721;52;52
72189934;Муздрамтеатр (119);899;7;721;52;52
72189935;Обл.дитяча лікарня  (176);899;7;721;52;52
72189936;Він.проект.ін-т  (190);899;7;721;52;52
72189937;"Фірма ""МЕД"" (193)";899;7;721;52;52
72189938;ВДТУ (416);899;7;721;52;52
72189939;"ТОВ ""Гамма"" (207)";899;7;721;52;52
72189940;Облонкодиспансер (211);899;7;721;52;52
72189941;ДПТНЗ ВЦПТОТД (732);899;7;721;52;52
72189942;Він.упр.статист. (266);899;7;721;52;52
72189943;Технол.пром.коледж (283);899;7;721;52;52
72189944;ВПУ - 7 (728);899;7;721;52;52
72189945;Обл.ст.перелив.крові (352;899;7;721;52;52
72189946;Буд.інтернат  (386);899;7;721;52;52
72189947;"ТОВ""Будматеріали"" (4044)";899;7;721;52;52
72189948;"ПП ""Кряж"" (4308)";899;7;721;43;43
72189949;Він.проект.кон.ін-т (435 ;899;7;721;52;52
72189950;"ПП ""Промінь"" (118)";899;7;721;52;52
72189951;"УААН ""Ін-т кормів""(493)";899;7;721;52;52
72189952;Обл. СЕС (515);899;7;721;52;52
72189953;"ТОВ ""Аркон - ЛТД"" (2499)";899;7;721;36;63
72189954;ПП Інтерпласт (587);899;7;721;29;62
72189955;"ФОП ""Драч"" (131)";899;7;721;43;43
72189956;"ТОВ ""Поліс-Україна""(4477)";899;7;721;43;43
72189957;В/Ч 3008 (245);899;7;721;52;52
72189958;В/Ч 2656 (1154);899;7;721;52;52
72189959;"ВМПП ""Геліка"" (1259)";899;7;721;52;52
72189960;"ДНВП ""Геосистема"" (1395)";899;7;721;43;43
72189961;В/ч 0549 (1174);899;7;721;52;52
72189962;"ТОВ""Бастіон2009""(3651)";899;7;721;52;52
72189963;"ТОВ ""ВЕЗ"" (1613)";899;7;721;52;52
72189964;"ТОВ ""Фірма Авіс""(3776)";899;7;721;52;52
72189965;Міська л-ня №1 (790);899;7;721;52;52
72189966;"ПП ""СТАМ""(4553)";899;7;721;49;49
72189967;МПП Руслана (4712);899;7;721;52;52
72189968;ВДПУ Ім.Коцюбинськог (40);899;7;721;52;52
72189969;НДІ реабіліт інв.(199);899;7;721;52;52
72189970;"ТОВ Вінницязерн.""  (4721)";899;7;721;41;65
72189971;"Фірма ""Беркут -ПП ""(227)";899;7;721;52;52
72189972;Виконком міськ ради(1359);899;7;721;52;52
72189973;В/ч А-1231 (687);899;7;721;52;52
72189974;"П-во ""Профспілкове"" (327)";899;7;721;52;52
72189975;ФОП Городецька Л.П.;899;7;721;52;52
72189976;"МП ""Астіка"" (254)";899;7;721;52;52
72189977;Він.технічний ліцей (401);899;7;721;52;52
72189978;Він.хут.м`ясопер.(2363);899;7;721;41;65
72189979;Податкова (1009);899;7;721;52;52
72189980;ФОП Юрченко (285);899;7;721;49;49
72189981;СПД ФО Ніколаєва (466);899;7;721;35;35
72189982; Училище культури (393);899;7;721;52;52
72189983;Центр матері та дит.. 823;899;7;721;52;52
72189984;"База ""Колос"" (277)";899;7;721;52;52
72189985;Він.ін-т пдр (295);899;7;721;52;52
72189986;Віоламед (3741);899;7;721;52;52
72189987;Ліга олімп.рез. (741);899;7;721;52;52
72189988;"ВННВО ""Комплекс-1""(4203)";899;7;721;52;52
72189989;"ТОВ ""СП Мед Поділля""";899;7;721;52;52
72189990;Будинок офіцерів (1172);899;7;721;52;52
72189991;ВФЕУ Університет (1383);899;7;721;52;52
72189992;Торг.ек.ін-т (230);899;7;721;52;52
72189993;СПД Варварський (1683);899;7;721;52;52
72189994;Палац мистецтв (546);899;7;721;52;52
72189995;"ТОВ ""Галактика Відпочинку";899;7;721;52;52
72189996;"ПП ""Оскар - С""  (4478)";899;7;721;52;52
72189997;"ЗАТ ""Новосвіт"" (615)";899;7;721;52;52
72189998;ВРТМО (444);899;7;721;52;52
72189999;Він.обл.спец.диспанц. РЗН;899;7;721;52;52
72190000;"ТОВ ""СВ Технологія""";899;7;721;50;67
72190001;"КП ""МЛДЦ""";899;7;721;50;67
72190002;"ТОВ фірма ""АЯГІК""";899;7;721;50;67
72190003;Тер Упр МНС Укр у Він обл;899;7;721;50;67
72190004;ВНМУ ім.Пирогова;899;7;721;50;67
72190005;"ТВТ ""Південний Буг""";899;7;721;50;67
72190006;Він НАУ;899;7;721;52;52
72190007;"""Елеватор млинмонтаж""";336;7;721;43;43
72190008;"ТОВ ""Вітекс""(798)";899;7;721;52;52
72190010;Аграрний університет;899;7;721;52;52
72190011;"ТОВ""Лордекс-Менеджмент""";899;7;721;50;67
72190012;"ТОВ ""Аграна Джус Україна""";899;7;721;41;65
72190013;"ПАТ ВМЗ ""Рошен""";899;7;721;41;65
72201100;ВЛАСНЕ СПОЖИВАННЯ;11;7;722;10;10
72201200;НЕТТО;12;7;722;17;17
72201600;Власні потреби;16;7;722;16;16
72201700;Втрати в мережах;17;7;722;15;15
72201800;Виробничі потреби;18;7;722;16;16
72203100;КП Теплоенергетик;31;7;722;50;51
72203200;Освітлення, побут;32;7;722;52;52
72203300;МКП Водоканал;33;7;722;50;51
72204000;Сільгоспспоживачі;40;7;722;44;44
72204001;"ПП ""Дари садів""";40;7;722;44;44
72204002;"ФГ ""Золотий колос""";40;7;722;44;44
72210100;"ПАТ ""Дністровська ГАЕС""";101;7;722;43;43
72212200;Приладобудівний завод;122;7;722;29;62
72212201;ннн;122;7;722;29;62
72214100;"ВАТ ""Машзавод ім. Кірова""";141;7;722;29;62
72214101;ннн;141;7;722;29;62
72214102;"ВАТ ""Завод газового обл.""";141;7;722;29;62
72214103;ПВКФ Анна;141;7;722;29;62
72215200;"ВАТ ""Мог.Под.кар""єр""";152;7;722;36;63
72215201;"ТОВ ""Вендичанський цегель";152;7;722;36;63
72215300;"Швейна фабрика ""Аліса""";153;7;722;39;64
72215301;Ізраїлівський цег.з-д;153;7;722;36;63
72215302;"ЗПК ""Тандем""";153;7;722;39;39
72215303;"ПП ""Кряж""";153;7;722;39;39
72230000;"СТОВ ""Нива"" с.Вендичани";300;7;722;44;44
72230001;ПП Твердохліб В.В.;300;7;722;41;65
72230002;Юрковецький спиртзавод;300;7;722;41;65
72230003;ннн;300;7;722;41;65
72230004;Мог.Под.райсільгоспкомунг;300;7;722;50;67
72230005;"ВАТ ""Консервний завод""";300;7;722;41;65
72230006;Мог.Под.молокозавод;300;7;722;41;65
72230007;"СВАТ ""Птахокомплекс Яриші";300;7;722;44;44
72230008;"ТОВ ""УК-ЕСКАР""с.Вендич.";300;7;722;44;44
72230009;"ТОВ ""УК-ЕСКАР"" с.Яришів";300;7;722;44;44
72230010;"ПП ""Подільський Прометей""";300;7;722;41;65
72230011;"ТОВ ""Кряж""";300;7;722;41;65
72230012;"СТОВ""Україна -1"" с.Серебр";300;7;722;44;44
72233600;"ПАТ ""Концерн хлібпром""";336;7;722;41;65
72233601;"ТОВ ""Агрок.Лог.Венд.КХП""";336;7;722;41;65
72233602;"ДП ""Нафком -Агро"" ХПП";336;7;722;43;43
72235700;Ямпільське упрр.водн госп;357;7;722;52;52
72236800;"МКП ""Овіс""";368;7;722;43;43
72238000;"СТ ""Техніка""";380;7;722;50;51
72238001;ПП Савін В.В.;380;7;722;50;51
72238010;ФОП Коняга В.С.;380;7;722;50;67
72244000;ПП Кушнір А.М.;440;7;722;52;52
72270100;"Фабрика ""Чайка""";701;7;722;26;61
72271600;ФОП Бзнуні К.Б.;716;7;722;52;52
72272100;Мог.Под.райавтодор;721;7;722;45;66
72272400;Укртелеком;724;7;722;43;43
72272401;ПП Москалюк Т.О.;724;7;722;43;43
72273000;Мог.Под.ДЕД ДП Він.ОАД;730;7;722;49;49
72289900;УПП УТОСА;899;7;722;29;62
72289901;Мог.Под.ВК-114;899;7;722;52;52
72289902;В/ч 1808;899;7;722;52;52
72289903;В/ч 2193;899;7;722;52;52
72289904;Монтажний технікум ;899;7;722;52;52
72289905;Мог.Под.митниця;899;7;722;52;52
72289906;"ТзОВ ""Євросолар""";899;7;722;43;43
72289907;"ТзОВ ""Екосолар Інвест""";899;7;722;50;67
72289908;Яришівський психоінтернат;899;7;722;52;52
72289909;В/Ч 0753;899;7;722;52;52
72289910;"ТзОВ ""Він.-Енергосервіс""";899;7;722;43;43
72289911;ФОП Шалінська О.А.;899;7;722;50;67
72289912;ФОП Вацак В.Г.;899;7;722;50;67
72289913;"ТОВ ВКП ""Універсал МП""";899;7;722;50;67
72289914;ФОП Іриневич Н.Г.;899;7;722;50;67
72289915;ФОП Павлюк О.В.;899;7;722;50;67
72289916;Відділ освіти РДА;899;7;722;50;50
72289917;"СТ ""Гуси-Лебеді""";899;722;7;50;67
72289920;Дніпроекопром 2;899;7;722;50;67
72301100;Власне споживання;11;7;723;10;10
72301200;Корисний відпуск;12;7;723;17;17
72301700;Втрати в мережах;17;7;723;15;15
72301800;Виробничі потреби;18;7;723;16;16
72303100;Бартеплокомуненерго;31;7;723;50;67
72303200;Освітлення , побут;32;7;723;52;52
72303300;"КВУВКГ""Барводоканал""";33;7;723;50;51
72303301;ННН;33;7;723;50;51
72303302;ННН;33;7;723;50;51
72304000;Сільгоспспоживачі;40;7;723;44;44
72304001;"ПАТ ""Вінничина""";40;7;723;44;44
72304002;"ТОВ ""Міжлісся""";40;7;723;44;44
72304003;Ялтушківська ДСС ;40;7;723;44;44
72304004;"ТОВ""Бар. Комбікорм. з-д""";40;7;723;44;44
72304005;Н;40;7;723;44;44
72304006;"""Сади Поділля""";40;7;723;44;44
72304007;ННН;40;7;723;44;44
72304008;ннн;40;7;723;41;65
72304009;ннн;40;7;723;44;44
72310400;БАР ЛВУМГ КС - 19,КС - 37;104;7;723;45;48
72310401;"БАР КС - 37 ""Б""";104;7;723;45;48
72313600;"ТОВ ""Лігатерм""";136;7;723;29;62
72314400;"ПАТ ""Барський машзавод""";144;7;723;29;62
72314401;Н;144;7;723;29;62
72314402;Н;144;7;723;29;62
72314501;ФОП Заскін В.П;145;723;7;29;62
72315000;ннн;150;7;723;35;35
72315200;"ПП ""Фундамент""";152;7;723;36;63
72315300;"ТОВ ""Барська швейна ф-ка""";153;7;723;39;64
72317600;ннн;176;7;723;44;44
72330000;"ТОВ ""Агропродукт Бар""";300;7;723;41;65
72330001;ннн;300;7;723;41;42
72330003;ПП Голодюк О.Л.;300;7;723;41;65
72330004;"ТОВ ""Пфанер-Бар""";300;7;723;41;65
72330005;Консервн. з-д Половецький;300;7;723;41;65
72330006;ТОВБарський птахокомбінат;300;7;723;41;65
72330007;"ТОВ ""Західмолоко""";300;7;723;41;65
72330008;"ТОВ""""Матеріальні ресурси""";300;7;723;43;43
72330009;ннн;300;7;723;49;49
72330010;"Полівський гранкар""єр""";300;7;723;36;63
72330011;ннн;300;7;723;44;44
72330013;Барський спирткомбінат;300;7;723;41;65
72330014;"Концерн ""Хлібпром""";300;7;723;41;65
72330015;Метал-Союз-Плюс;300;7;723;29;62
72330016;ннн;300;7;723;41;65
72330017;ннн;300;7;723;41;65
72330018;ннн;300;7;723;44;44
72330019;ннн;300;7;723;44;44
72333600;"НВАК ""Барський""";336;7;723;43;43
72333601;"ТОВ ""Агродар-Бар""";336;7;723;41;65
72333602;"ТОВ ""Агокомплекс-Барський";336;7;723;43;43
72334501;"ТОВ ""Краєвид Поділля""";345;7;723;44;44
72334700;ннн;347;7;723;49;49
72334701;"ВАТ ""БМП  №1""";347;7;723;52;52
72335000;ннн;350;7;723;45;66
72335500;"РСП ""Київцентраеро""";355;7;723;45;66
72335700;"ПАТ ""Укртелеком""";357;7;723;52;52
72338200;СПД Яворський В.В.;382;7;723;41;65
72344000;"ТОВ ""Копайгородське БМУ""";440;7;723;49;49
72372101;ннн;721;7;723;45;66
72372102;Барський райавтодор;721;7;723;45;66
72372103;ННН;721;7;723;45;66
72389900;БАДТ НТУ;899;7;723;52;52
72389901;ннн;899;7;723;52;52
72389903;"ДП НЕК ""Укренерго""";899;7;723;52;52
72389904;"тов ""Ера Грей""";899;7;723;43;43
72389905;Райспоживтовариство;899;7;723;52;52
72389906;В/ч А-0853;899;7;723;52;52
72389907;Кузьминецький аграрн. ліц;899;7;723;52;52
72389908;В/Ч А 1603;899;7;723;52;52
72389909;Оздоровчий табір Фортуна;899;7;723;52;52
72389910;ннн;899;7;723;52;52
72389911;ннн;899;7;723;52;52
72389912;ннн;899;7;723;52;52
72389913;ннн;899;7;723;52;52
72389914;Барська ЦРЛ;899;723;7;52;52
72389920;БУ - ВП УТОС;899;7;723;50;67
72401100;СОБСТВ. ПОТРЕБЛ. БРУТТО;11;7;724;10;10
72401200;ПОЛЕЗНЫЙ ОТПУСК;12;7;724;17;17
72401700;ПОТЕРИ В СЕТЯХ;17;7;724;15;15
72401800;ПРОИЗВОДСТВЕННЫЕ НУЖДЫ;18;7;724;16;16
72403200;Освещение,быт.мелкомот.;32;7;724;52;52
72403300;"ДП ""Жмеринкаводоканал""";33;7;724;50;51
72403301;ннн;33;7;724;50;51
72403302;ннн;33;7;724;50;51
72403303;ннн;33;7;724;50;51
72403304;ннн;33;7;724;50;51
72403400;"ПАТ ""УКРТРАНСНАФТА""";34;7;724;45;48
72403401;"Філія ""ЖМЕР. РАЙАВТОДОР""";34;7;724;45;45
72403600;ннн;36;7;724;45;46
72404000;СІЛЬГОСПСПОЖИВАЧІ;40;7;724;44;44
72404001;"ПАТ ""БРАЇЛІВСЬЕ""";40;7;724;44;44
72404002;"ФГ ""ВІН-САД""";40;7;724;44;44
72404003;"ТОВ ""Жмеринський елеватор";40;7;724;44;44
72414300;ннн;143;7;724;29;62
72415000;"ТОВ ""УКР. ДЕРЕВИННА КОМП""";150;7;724;35;35
72415200;"ТОВ ""КОНКОРД""";152;7;724;36;63
72415300;"ТОВ ""Жмерин. хутрова фабр";153;7;724;39;64
72415301;Швейна ф-ка Браїлівчанка;153;7;724;39;64
72430000;"""Кристал"" (цукрозавод)";300;7;724;41;42
72430001;"ДП ""Укрспирт""";300;7;724;41;65
72430002;"АТЗТ ""Чернятинське пиво""";300;7;724;41;65
72430003;"Філія ""Жмер. маслозавод""";300;7;724;41;65
72430004;Жм. Тют.-фермент. завод;300;7;724;41;65
72430005;"ТОВ ""АЛКО-СТАНДАРТ""";300;7;724;41;65
72430006;ФОП Марценюк І.В.;300;7;724;41;65
72430007;ННН;300;7;724;43;43
72430008;"ТОВ ""Демидівський граніт""";300;7;724;36;63
72430009;"ТОВ ""Хліб Жмеринщини""";300;7;724;41;65
72430010;"ТОВ ""Жмеринські ковбаси""";300;7;724;41;65
72430011;"ДП ""Полукс"" РП ""Агромаш""";300;7;724;29;62
72430012;Центр електрозв'язку № 2;300;7;724;52;52
72430013;ннн;300;7;724;29;62
72430014;ннн;300;7;724;52;52
72430015;ннн;300;7;724;52;52
72430016;Міжрайагротехсервіс;300;7;724;29;62
72433600;"ТОВ ""ЕК Кусто Агро""";336;7;724;43;43
72434500;ннн;345;7;724;44;44
72434501;Лісове господарство;345;7;724;44;44
72435001;ннн;350;7;724;29;62
72436100;ннн;361;7;724;52;52
72470100;ннн;701;7;724;39;64
72471600;ннн;716;7;724;52;52
72472100;ннн;721;7;724;45;66
72472101;ннн;721;7;724;45;66
72473000;"ПП ""Монтажсервіс""";730;7;724;45;66
72473001;"""Пеллеівіні ТОВ""";730;7;724;43;43
72489900;"ТОВ ""МІКО""";899;7;724;50;67
72489901;Жмер. психо-невролог. дис;899;7;724;50;67
72489902;"КУ ""Жмеринський РМЦПМСД""";899;7;724;50;67
72489903;ннн;899;7;724;44;44
72489904;"Спецсан. ""Северинівка""";899;7;724;52;52
72489905;ФО Халабі Акрам;899;7;724;52;52
72489906;ннн;899;7;724;52;52
72489907;ннн;899;7;724;52;52
72489908;ннн;899;7;724;52;52
72489909;"КУ ""Жмеринська ЦЛ""";899;7;724;52;52
72489910;ннн;899;7;724;52;52
72489911;"ЗЕА ""НОВОСВІТ""";899;724;7;43;43
72489912;ФОП ЖЕРЕБНЮК ;899;724;7;50;67
72489913;ФОП ОРЛОВСЬКИЙ;899;724;7;50;67
72501100;Власне споживання;11;7;725;10;10
72501200;Корисний відпуск;12;7;725;17;17
72501600;Власні потеби;16;7;725;16;16
72501700;Втрати в мережах;17;7;725;15;15
72503200;Освітлення;32;7;725;52;52
72503300;"ДП ""Калинівкаводоканал""";33;7;725;50;51
72503301;ннн;33;7;725;50;51
72503302;ннн;33;7;725;50;51
72503303;ннн;33;7;725;50;51
72504000;Сільгоспспоживачі;40;7;725;44;44
72504001;"ТОВ ""Прилуцьке""";40;7;725;44;44
72504002;"СВК ""Жигалівське""";40;7;725;44;44
72504003;"ДП ДГ ""Артеміда"" НААНУ";40;7;725;44;44
72504004;ТОВ СХК Він.пром.група;40;7;725;44;44
72504006;"ПрАТ ""Райз-Максимко""";40;7;725;44;44
72504008;"СТОВ""Агрофірма Вахнівка""";40;7;725;44;44
72504009;"ПП ""Агро -Зірка""";40;7;725;44;44
72504010;"СТОВ ""Промінь""";40;7;725;44;44
72504011;Пиків рибцех;40;7;725;44;44
72504012;Ул.Люл.дослідна ст-я;40;7;725;44;44
72504013;"ПрАТ""Чернів. птахофабрика";40;7;725;44;44
72504014;"СТО ""Лан""";40;7;725;44;44
72504015;"ТОВ ""Світанок""";40;7;725;44;44
72504016;"ПОСП ""Нападівське""";40;7;725;44;44
72504017;"СТОВ ""Нива і К""";40;7;725;44;44
72504018;"СТОВ ""Діброва і К""";40;7;725;44;44
72504019;"ПОСП ""Росток""";40;7;725;44;44
72504020;"ПП ""Мрія""";40;7;725;44;44
72504021;"СВК ""Надія"" Н.Гребля";40;7;725;44;44
72504022;"СВК""Колос""";40;7;725;44;44
72504023;"ТОВ ""Турбів -Агро""";40;7;725;44;44
72504024;"ДГ ""Корделівське""";40;7;725;44;44
72504025;Калинівський райагрохім;40;7;725;44;44
72504029;"ТОВ""Укрхімресурс""";40;7;725;26;61
72504030;"ПрАТ"" Зернопродукт МХП""";40;7;725;44;44
72504031;"СВК "" Надія""";40;7;725;44;44
72504032;"ПП ""Павлівка""";40;7;725;44;44
72510900;"ТОВ ""ПГ ""Аграрник""";109;7;725;44;44
72513500;"ТОВ ""Світанок ЛТД""";135;7;725;52;52
72514500;Калинівський машзавод;145;7;725;29;62
72514501;"ПП ""Енергоспецсервіс""";145;7;725;29;62
72514502;ФОП  Кулик О.Л.;145;7;725;52;52
72514503;"ПП ""Ларіс""";145;7;725;29;62
72514504;ФОП Чушак Ю.А.;145;7;725;29;62
72514505;ФОП Заславський Д.І.;145;7;725;35;35
72514506;ФОП Руденко В.Ю.;150;7;725;35;35
72515000;ТОВ Калинівський ЕЗДМ;150;7;725;35;35
72515001;"ТОВ ""Термінус"" с.Іванів";150;7;725;43;43
72515002;"ПП ""КАМП""";150;7;725;35;35
72515003;"ТОВ ""Термінус"" м.Калинівк";150;7;725;43;43
72530000;"ДП ""Укрспирт""";300;7;725;41;65
72530001;"ВАТ ""Калинівський РМЗ""";300;7;725;29;62
72530002;ТОВ Калин. маслозавод;300;7;725;41;65
72530003;"ВАТ ""Кордилівський цукр.з";300;7;725;41;42
72530004;ннн;300;7;725;35;35
72530005;"ПАТ Калин. РП ""Агромаш""";300;7;725;29;62
72530006;Він. кар'єроуправління;300;7;725;36;63
72530007;"ТОВ ""Голландський корм""";300;7;725;41;65
72530008;"ДП ""Укрветсанзавод"" КФ";300;7;725;36;63
72530009;"ПрАТ ""Кордилівський ОМКЗ""";300;7;725;41;65
72530010;"ТОВ ""Арт-Енерго""";300;7;725;43;43
72530011;ЕЗФОЖ;300;7;725;41;65
72530012;"ТОВ ""Глікохім""";300;7;725;41;65
72530013;"""Вінніфрут"" м. Калинівка";300;7;725;41;65
72530014;ннн;300;7;725;45;66
72530015;Вінніфрут с.Черепашенці;300;7;725;41;65
72530016;"ТОВ ""Еко-Сфера"" Калинівка";300;7;725;41;65
72530017;"ТОВ""Еко-Сфера""с.Черепашен";300;7;725;41;65
72530018;"ТОВ ""Вінницький м'ясо-консервний завод""";300;725;7;41;65
72530020;"ТОВ ""Він.мясоконсервний """;300;7;725;41;65
72533600;"ПрАТ ""Зернопродукт МХП""КФ";336;7;725;43;43
72533601;ТОВ Голендрівське ХПП;336;7;725;43;43
72533602;"ТОВ ""Аграріко""";336;7;725;41;65
72534500;ннн;345;7;725;44;44
72538000;МПП РБД-7;380;7;725;49;49
72538200;КП Калин.тарний комбінат;382;7;725;35;35
72570100;"ПрАТ ""Калина""";701;7;725;39;64
72571700;"ТОВ ""Фабрика Дом""";717;7;725;36;63
72572100;СТО автоцентр;721;7;725;45;66
72573000;"ПрАТ""Калинівське БМУ - 5""";730;7;725;36;63
72573001;Він.філ.Півд-західшляхбуд;730;7;725;36;63
72573002;"ДП ""Вінницяоблавтодор""";730;7;725;36;63
72573003;Іванівський спецкар'єр;730;7;725;36;63
72589900;ФОП Миронюк С.З.;899;7;725;52;52
72589901;Міжрайагротехсервіс;899;7;725;52;52
72589902;Гущ.вище проф.училище №32;899;7;725;52;52
72589903;Кал.в/ч А-1119;899;7;725;52;52
72589904;В/ч А 2783;899;7;726;52;52
72589905;Калинівське ПТУ-21;899;7;725;52;52
72589906;Кал.технологічний технік.;899;7;725;52;52
72589907;Кал.районна лікарня;899;7;725;52;52
72589908;Калинівське під-во ЖКГ;899;7;725;52;52
72589909;"ТОВ ""Ніса""";899;7;725;43;43
72589910;"ТОВ ""Колумбіні""";899;7;725;29;62
72589911;В/ч  А-1185;899;7;725;52;52
72589912;"В/ч А-3028 ""Ягуар""";899;7;725;52;52
72589913;Інститут картоплярства;899;7;725;52;52
72589915;ФОП Лисунець Н А ;899;7;725;52;52
72589916;"КП ""Господар""";899;7;725;50;67
72601100;Власне споживання;11;7;726;10;10
72601200;Корисний відпуск;12;7;726;17;17
72601600;Виробничі потреби;16;7;726;16;16
72601700;Втрати в вмережах;17;7;726;15;15
72603100;Глухівці водоканал;31;7;726;43;43
72603200;Освітлення;32;7;726;52;52
72604000;Сільгоспспоживачі;40;7;726;44;44
72604001;"ЗАТ ""Юзефо-Миколаїв. АПК";40;7;726;44;44
72604005;"СФГ ""Ніка Д""";40;7;726;44;44
72614200;"ЗАТ ""Техпромсервіс""";142;7;726;19;60
72614201;"ТОВ ""Абравфлекс Україна""";142;7;726;29;62
72615200;"ПрАТ ""Глухівецький ГЗКК""";152;7;726;36;63
72615201;"ПАТ ""Жежелів кар'єр""";152;7;726;36;63
72615202;"ТОВ ""АКВ УКТ""";152;7;726;36;63
72615203;"ТОВ ""Жежелів каолін""";152;7;726;36;63
72615204;"СТОВ ""Мрія"" цегельний з-д";152;7;726;36;63
72615205;ФОП Король С.С.;152;7;726;36;63
72615210;ТОВ СОКА Україна;152;7;726;36;63
72615300;ннн;153;7;726;36;63
72630000;"ТОВ ""Мар""їнський укрпромз";300;7;726;41;42
72630001;"ПрАТ ""СП Агромаш""";300;7;726;29;62
72630004;"ПАТ""Козятин мясокомбінат""";300;7;726;41;65
72630005;"ТОВ ""Клуб сиру""";300;7;726;41;65
72630006;"ПрАТ ""Укр.тех.компанія""";300;7;726;29;62
72630007;"ПАТ ""Козятинхліб""";300;7;726;41;65
72630008;ннн;300;7;726;43;43
72630009;"ДП ""Агроцентр-Еврохім""";300;7;726;26;61
72630010;ннн;300;7;726;49;49
72630011;"ТОВ ""Осі ФУД Солюшнс""";300;7;726;41;65
72630012;ннн;300;7;726;41;65
72633600;"ТОВ ""Зернокомплекс Сиваш""";336;7;726;43;43
72633601;"ТОВ ""Елев комп Кусто-Агро";336;7;726;41;65
72633602;"ТОВ ""Подільський край""";336;7;726;43;43
72633603;"ТОВ ""Козятин млин""";336;7;726;41;65
72635700;Філія Козятин. райавтодор;357;7;726;49;49
72670100;ннн;701;7;726;29;62
72672100;ннн;721;7;726;45;66
72673000;ннн;730;7;726;45;66
72689900;В/ч  А 1329;899;7;726;52;52
72701100;Власне споживання;11;7;727;10;10
72701200;Корисний відпуск;12;7;727;17;17
72701700;Втрати в вмережах;17;7;727;15;15
72701800;Виробничі потреби;18;7;727;16;16
72703101;ФОП Тверда ;31;7;727;50;67
72703200;Освітлення і побут;32;7;727;52;52
72704000;Сільгоспспоживачі;40;7;727;44;44
72704001;"ТОВ ""Декоплант""";40;7;727;44;44
72704002;"ПАТ ""Зернопродукт""";40;7;727;44;44
72704003;"ТОВ ""Хмільницьке""";40;7;727;44;44
72704004;"ПАТ ""ПлемзаводЛітинський""";40;7;727;44;44
72704005;"ПАТ ""Дашківці""";40;7;727;44;44
72704006;"ПСП "" Поділля-Агро""";40;7;727;44;44
72712200;"ПП""Бровко М.І.""";122;7;727;29;31
72713100;"ТОВ ВП ""Маріо""";131;7;727;29;62
72715000;"ТОВ ""Грін Енерго Технолог";150;7;727;35;35
72715200;"ПП ""Поділля-залізобетон""";152;7;727;36;63
72715201;"ПВНП ""Будініціатива""";152;7;727;36;63
72730000;"ТОВ ""Ексімагро""";300;7;727;29;62
72730001;Уладовка спиртз-д;300;7;727;41;65
72730002;Літинський молокозавод;300;7;727;41;65
72730003;ФОП Мацедонський О.Б.;300;7;727;41;65
72730004;ннн;300;7;727;36;63
72730005;Літинський м'ясокомбінат;300;7;727;41;65
72730006;БУТ - Т;345;7;727;36;63
72730007;ннн;300;7;727;41;65
72731010;ФОП Тверда М.І.;31;7;727;50;67
72733600;"ТОВ ""Бонус-У""";336;7;727;43;43
72734500;Лісгосп;345;7;727;35;35
72734505;"ТОВ ""Дельтафрут""";345;7;727;44;44
72736800;Гніванський кар'эр;368;7;727;36;63
72738200;"ТОВ ВКП ""Арго""(плодзавод)";382;7;727;41;65
72741200;Літинська ВК - 123;412;7;727;52;52
72773000;Райавтодор;730;7;727;36;63
72773001;"Філія ""Він.дор.експл.д-ця";730;7;727;36;63
72773002;ннн;730;7;727;45;66
72789900;"ТОВ ""Видавництво""Поділля""";899;7;727;52;52
72789901;"ТОВ ""Інтер-Лауд""";899;7;727;29;62
72789902;ЛАЙФ ІНВЕСТ;899;7;727;44;44
72789903;ФОП Мукомел М.В. ;899;7;727;50;67
72789920;"ТОВ ""Ферко""";899;7;727;50;67
72801100;Власне споживання;11;7;728;10;10
72801200;Корисний відпуск;12;7;728;17;17
72801600;Виробничі потреби;16;7;728;16;16
72801700;Втрати в мережах;17;7;728;15;15
72803200;Освітлення;32;7;728;52;52
72803300;"ДП ""М.Кур. водоканл""";33;7;728;50;51
72804000;Сільгоспспоживачі;40;7;728;44;44
72804001;"ФГ ""В.Ольчедаївське""";40;7;728;44;44
72804002;"ТОВ ""Довіра""";40;7;728;44;44
72804003;"ПП ""Бонас""";40;7;728;44;44
72804004;"ФГ ""Олімп""";40;7;728;44;44
72804005;"ТОВ ""Агрофірма Рубанський";40;7;728;44;44
72804006;"ТОВ ""МТС Агромаш""";40;7;728;44;44
72804007;"ФГ ""Велес Віта""";40;7;728;44;44
72804008;"СФГ ""Рубін""";40;7;728;44;44
72814500;"ФОП ""Сопов""";145;7;728;29;62
72814501;"ТОВ ""Будсервіс""";145;7;728;49;49
72815200;Мур.Кур. цегельний з-д;152;7;728;36;63
72815300;"ПП ""Дружба народів""";153;7;728;44;44
72830000;"ТОВ ""Мрія""";300;7;728;44;44
72830001;"ПрАТ ""Завод ""Регіна""";300;7;728;41;65
72830002;"ТОВ ""Райсільгоспкомунгосп";300;7;728;44;44
72830003;"ТОВ МТС ""Агромаш""";300;7;728;29;62
72830004;"ТОВ ""ВІНТОР""";300;7;728;29;62
72830005;ККП;300;7;728;43;43
72833600;"ТзОВ ""Котюжани Зерно"" ХПП";336;7;728;43;43
72835700;"ПП ""Шана""";357;7;728;52;52
72835701;"ВАТ ""Укртелеком"" ВФ";357;7;728;52;52
72838200;"ТОВ ""ТД ""Агроімпорт ЛТД""";382;7;728;29;62
72870100;"ПП ""Скрипник І.К.""";701;7;728;52;52
72873000;Райавтодор;730;7;728;45;66
72889900;Михайлів.проф.аграр.ліц. ;899;7;728;52;52
72889901;ЦРЛ;899;7;728;52;52
72889902;"ПП""Дружба""";899;7;728;52;52
72889903;"ТОВ""Обрій""";899;7;728;44;44
72889904;Районний відділ освіти;899;7;728;50;67
73101100;Власне споживання;11;7;731;10;10
73101200;Корисний відпуск;12;7;731;17;17
73101600;Виробничі потреби;16;7;731;16;16
73101700;Втрати в мережах;17;7;731;15;15
73103101;ФОП Ніконюк С.С.;31;7;731;50;67
73103200;Освітлення і побут;32;7;731;52;52
73103300;Гніваньводопостач;33;7;731;50;67
73103301;ннн;33;7;731;50;51
73104000;Сільгоспспоживачі;40;7;731;44;44
73104001;"ТОВ ""Поділлякорсервіс""";40;7;731;44;44
73104002;"ТОВ ""Агро Інвест Україна""";40;7;731;44;44
73104003;"ПСП ""Україна""";40;7;731;44;44
73104004;"СТОВ ""Поділля""";40;7;731;44;44
73104008;"СТОВ ""Обрій""";40;7;731;44;44
73104009;"ТОВ ""Агро -Еталон""";40;7;731;44;44
73104010;"ТОВ ""Агрокомплекс""";40;7;731;44;44
73110900;"ТОВ ""Транс-Гнівань""";109;7;731;26;61
73110901;"ТОВ ""ВАЛРОМ  Україна""";109;7;731;29;62
73110902;Київський з-д Г та ЛВ;109;7;731;26;61
73113500;"ДП ВАТ ""Сутиски АЕА""";135;7;731;29;33
73113501;ннн;135;7;731;29;33
73113502;"ТОВ з-д ""ЖМЗ""";135;7;731;29;33
73113503;"ТОВ ""Автопластгума""";135;7;731;29;33
73113504;ННН;135;7;731;29;62
73113505;"ВТФ ""Контакт""";135;7;731;29;62
73115200;"ПрАТ ""Гнівань ""СЗБ""";152;7;731;36;63
73115201;ннн;152;7;731;36;63
73115202;"ТОВ ""Будіндустрія 09""";152;7;731;36;63
73115203;"ТОВ ""Гнівань кар""єр""";152;7;731;36;63
73115204;ННН;152;7;731;36;63
73115205;ННН;152;7;731;36;63
73130000;ПП Азарний Е.С.;300;7;731;41;65
73130002;"ПрАТ ""Гніванське ХПП""";300;7;731;41;65
73130003;"ТОВ ""Молочний дім""";300;7;731;41;65
73130005;"РП ""Агромаш"" Красне";300;7;731;29;62
73130046;Продовольча компанія;300;7;721;41;65
73133600;ннн;336;7;731;43;43
73135700;ннн;357;7;731;52;52
73170101;ннн;701;7;731;29;62
73171700;БМУ - 3;717;7;731;49;49
73171701;"КП ""Реставратор""";717;7;731;49;49
73172101;ННН;721;7;731;45;66
73172102;ННН;721;7;731;45;66
73172103;АТП 10566;721;7;731;45;66
73172104;ННН;721;7;731;45;66
73173000;ннн;730;7;731;36;63
73189900;ПП Федоренко;899;7;731;52;52
73189901;"СТОВ ""Жахнівка""";899;7;731;52;52
73189902;"ТОВ""Агропродсервіс""";899;7;731;43;43
73189903;Проф. ліцей ДПТНЗ;899;7;731;44;44
73189904;"ПП ""Гран Майстер""";899;7;731;44;44
73189905;ЦРЛ;899;7;731;52;52
73189906;"МК ВНАУ ""Олімпія""";899;7;732;52;52
73189907;"ТОВ ""ЛОСК ""Маяк ЛТД""";899;7;731;43;43
73189908;ПП Шафієв Г.Д.;899;7;731;52;52
73189909;"ТОВ ""Рітон""";899;7;731;44;44
73189910;ннн;899;7;731;52;52
73189911;ннн;899;7;731;52;52
73189912;"ПП ""Колісниченко""";899;7;731;52;52
73189913;Буд.інтерннат смт.Тиврів;899;7;731;52;52
73189914;Вороницький буд.інтерн.;899;7;731;52;52
73201100;Власне споживання;11;7;732;10;10
73201200;Корисний відпуск;12;7;732;17;17
73201700;Втрати в иережах;17;7;732;15;15
73201800;Виробничі потреби;18;7;732;16;16
73203000;ннн;30;7;732;44;44
73203001;ПрАТ Рахни РММ майстерня;30;7;732;50;67
73203002;ТОВ Вінтер- Контракт с. Д;30;7;732;50;67
73203101;ТОВ Лучезар м.Шаргород цк;31;7;732;50;51
73203200;Освітлення;32;7;732;52;52
73204000;Сільгоспспоживачі;40;7;732;44;44
73204001;"ПП""Золотий колос""";40;7;732;44;44
73204002;"СТОВ ""Світанок""";40;7;732;44;44
73204003;СТОВ Хлібороб господарств;40;7;732;44;44
73204004;"ФГ"" Агро-Дар""";40;7;732;44;44
73204005;ФГКалитинка Вікторія МТФ;40;7;732;44;44
73204006;ФГ Слобідське ТІК;40;7;732;44;44
73204007;ПП Зведенівське господарс;40;7;732;44;44
73204008;ПП Юхимівське с. Юентр го;40;7;732;44;44
73204009;ПП Юхимівське господарсто;40;7;732;44;44
73204010;ПП Рідний край с. Деребчи;40;7;732;44;44
73215000;ннн;150;7;732;35;35
73215001;ннн;150;7;732;36;63
73215200;"ПП ""Сівекс"" с.Рахни-Лісов";152;7;732;36;63
73215201;"ЗАТ ""Цегельний завод""";152;7;732;36;63
73215202;Джурин шахтоупр.(ш Лиса);152;7;732;36;63
73215203;Джурин шахтоупр.(ц.госп);152;7;732;36;63
73230000;ФОП Старий О.П. млин;300;7;732;41;65
73230001;ннн;300;7;732;41;65
73230003;ТОВ Бізнес - Союз Укр.-П;300;7;732;44;44
73230004;Мурафський кар'єр;300;7;732;36;63
73230005;ФОП Хашко Г.Я.с.Джурин;300;7;732;29;62
73230006;"ТОВ ""Шаргородцукор""";300;7;732;41;65
73230007;Шаргородський маслозавод;300;7;732;41;65
73230008;"Шаргород. РП ""Агромаш""";300;7;732;29;62
73230010;"Шаргород РП ""Агромаш""Р Л ";300;7;732;29;62
73230011;ТОВ Шаргородрайагробуд;300;7;732;29;62
73230012;"""Ваш продукт""";300;7;732;41;65
73230013;Райагропроменерго;300;7;732;29;62
73230014;"СТОВ ""Колос"" (кар""єр)";300;7;732;36;63
73230015;ФОП Хашко Г.Я. ливс.Джури;300;7;732;41;65
73233600;"ТОВ ""Луї Дрейфус Україна""";336;7;732;43;43
73233601;"ТОВ ""Еколінія"" склади";336;7;732;43;43
73233602;"ТОВ ""Луї Дрейфус Укр""нова";336;7;732;43;43
73233603;"ДП""Векта-Він""";336;7;732;43;43
73233604;"ТОВ ""Еколінія"" млин";336;7;732;43;43
73234500;ТОВ ВКФ Квіт с. Пеньківка;345;7;732;35;35
73235700;ннн;357;7;732;52;52
73238200;ннн;382;7;732;41;65
73238201;Рахнянський плодзавод;382;7;732;41;65
73273000;Райавтодор (Михайлівка);730;7;732;45;66
73273001;Райавтодор (Писарівка);730;7;732;45;66
73273002;"ВАТ""Дар""Автодор.Укр Кар""є";730;7;732;45;66
73289900;O.L.KAR Фарм-Сервіс;899;7;732;50;67
73289901;ннн;899;7;732;52;52
73289902;ннн;899;7;732;44;44
73289903;ннн;899;7;732;52;52
73301100;Власне споживання;11;7;733;10;10
73301200;Корисний відпуск;12;7;733;17;17
73301600;Виробничі потреби;16;7;733;16;16
73301700;Втрати в мережах;17;7;733;15;15
73301800;Госп.потреби;18;7;733;16;16
73303100;Теплокомуненерго;31;7;733;50;51
73303200;Освітлення і побут;32;7;733;52;52
73303300;"ДП ""Хмільникводоканал""";33;7;733;50;51
73304000;Сільгоспспоживачі;40;7;733;44;44
73304001;"ТОВ""Хмільникагротехсервіс";40;7;733;44;44
73304002;"АП НВП ""Візит"" (ст.Радон)";40;7;732;44;44
73304003;"АП НВП ""Візит"" (з-д СЗМ)";40;7;733;44;44
73304004;ТзОВ «НІБУЛОН» с. Ш.Гребл;40;7;733;44;44
73304005;ТзОВ «НІБУЛОН» с. Березна;40;7;733;44;44
73304006;"ФГ ""ВЕЛЕС АРС""";40;7;733;44;44
73313500;"ВАТ ""Хмільниксільмаш""";135;7;733;29;34
73313501;"ТОВ ""ВЕЙ-МАКС КИЇВ""";135;7;733;29;62
73313502;"ПрАТ ""Уланів ""Агромаш""";135;7;733;29;62
73313503;ПП Промбізнесагро-М;135;7;733;29;62
73315000;"ПАТ ""Хмільник меблі""";150;7;733;35;35
73315200;"ТОВ ""Уланівське з/у""";152;7;733;36;63
73315300;"ПАТ Швейна фабрика""Лілея""";153;7;733;39;64
73330000;"ПрАТ""АК.Хмільникпрод""Жда";300;7;733;41;42
73330001;"МПВП ""Шар""";300;7;733;41;65
73330002;"ПрАТ""АК.Хмільникпрод""з-д ";300;7;733;41;65
73330003;"ТОВ ""Тріумф""";300;7;733;29;62
73330004;БМУ-3;300;7;733;36;63
73330005;"ТОВ""Гнів. кар'єр""с.Кутнів";300;7;733;36;63
73330008;"ТОВ""Гнів. кар'єр"" з-дЗБВ";300;7;733;36;63
73330009;"ТОВ ""Украгроторг""";300;7;733;41;65
73330010;"ТОВ""Гнів.кар'єр"" Цег.з-д";300;7;733;36;63
73330012;ПП Котощук;300;7;733;41;65
73330013;Сташко П.І.;300;7;733;41;65
73330014;Комбікормовий з-д;300;7;733;43;43
73330015;"ПрАТ ""Агрок. Хм.прод."" Жд";300;7;733;44;44
73330016;"ТзОВ""Хмільницьке""цукр.з-д";300;7;733;44;44
73330017;"ПП ""Сьомаківське""";300;733;7;41;65
73333600;"ПАТ ""Хмільн. елеватор""";336;7;733;43;43
73333601;"КФ ЗАТ""Зернопродукт МХП""";336;7;732;43;43
73333602;"ПрАТ ""Зернопродукт МХП""";336;7;733;41;65
73333603;"ТзОВ""Хмільницьке""(елевато";336;7;733;43;43
73334501;"ТОВ ""Колос-Поділля""";345;7;733;44;44
73335700;"ПАТ ""Укртелеком""";357;7;733;52;52
73338000;"ТОВ ""Подолпромторг""";380;7;733;52;52
73338001;"ТОВ ""Украгроторг""";380;7;733;52;52
73338002;ФОП Кучерук М.В.;380;7;733;52;52
73372100;"ФГ ""Дар""";721;7;733;44;44
73372101;ннн;721;7;733;45;66
73372105;"ТзОВ ""Ко ""Укрпромексім""""";721;7;733;45;66
73373000;Компанія Укрексім;730;7;733;45;66
73389900;"ДП""Клін.Сан.""Хмільник""";899;7;733;52;52
73389901;"ПАТ ""Вінничина -Авто""";899;7;733;45;66
73389902;"МРЦ ""Південний Буг""";899;7;733;52;52
73389903;ПП Котощук В.О.;899;7;733;52;52
73389904;Аграрний центр ПТО;899;7;733;52;52
73389905;"Санаторій ""Поділля""";899;7;733;52;52
73389906;Хмільницька ЦРЛ;899;7;733;52;52
73389907;"Сан.ЦВКС ""Хмільник""";899;7;733;52;52
73389908;В/Ч 1185;899;7;733;52;52
73389909;"ТОВ ""Фоззі-Фуд""";899;7;733;52;52
73389910;ПП Сташко;899;7;733;52;52
73389911;"ПП ""Лісове""";899;7;733;52;52
73389912;"ТВТ ""Південний буг"" він";899;7;721;52;52
73389913;ФОП Чухрій С.В.;899;7;733;50;67
73389914;"Санаторій ""Поділля ТП-61";899;7;733;50;67
73389915;"Санаторій ""Поділля ТП-559";899;7;733;50;67
73389916;"Санаторій ""Поділля ТП-289";899;7;733;50;67
73389917;"Санаторій ""Поділля ТП-59";899;7;733;50;67
73389918;"ПП ""Сьомаківське""";899;7;733;50;67
73389920;Фізіотерапевтична лікарня;899;7;733;50;67
73401100;Власні потреби;11;7;734;10;10
73401200;Корисний відпуск;12;7;734;17;17
73401600;Власні потребиі потреби;16;7;734;16;16
73401700;Втрати в мережах;17;7;734;15;15
73403100;"КП ""Вінницятеплоенерго""";31;7;734;50;51
73403200;Освітлення;32;7;734;52;52
73404000;Сільгоспспоживачі;40;7;734;44;44
73404001;"СВАТ ""Облплемпідприємство";40;7;734;44;44
73404002;"ТОВ""Аграна Фрут Лука""";40;7;734;44;44
73404005;Подільська дослідна ст-я;40;7;734;44;44
73410400;"РВУ ""Київавтогаз""";104;7;734;45;48
73410401;" ПАТ ""К. Галнафтогаз"" ";104;7;734;45;48
73410402;"ДП ""ВЛГ""  ";104;7;734;45;48
73414500;"ТОВ ""АВА-1""";145;7;734;29;62
73415000;"ТОВ ""Конкорд-5""";150;7;734;35;35
73415001;"ТОВ ""ЛІМОФЛЬОР""  ";150;7;734;35;35
73415200;Стрижавський кар'єр;152;7;734;36;63
73415201;"ПП ""Комп. ""Волод. масив""";152;7;734;36;36
73415202;"ТОВ ""Обеліск""";152;7;734;36;63
73415203;ПП Бойдаченко;152;7;734;36;63
73415204;"ПМП ""Геліка""";152;7;734;35;35
73415205;"ТОВ""ЕГО""";152;7;734;35;35
73415206;"ТОВ ""Авангард-5""";152;7;734;36;63
73415207;"ППФ  ""Сітійрон""";152;7;734;36;63
73415208;"ТОВ ""Рось-Вінниця""   ";152;7;734;36;63
73417600;ннн;176;7;734;41;65
73417601;"ТОВ ""Ковінько - ковбаси""";176;7;734;41;65
73417602;"ТОВ ""Тредіс""";176;734;7;41;65
73430000;ПП Бенкалюк О.В.;300;7;734;41;65
73430001;"ТОВ ""Торговий дім ""ТВМ""";300;7;734;41;42
73430002;Вінницямолоко;300;7;734;41;65
73430003;ПП Медяний М.Л.;300;7;734;29;62
73430004;"Птахофабрика ""Поділля""";300;7;734;44;44
73430006;"ТОВ ""Бета-В""";300;7;734;41;65
73430007;"ПП ""Михалич і Ко""";300;7;734;41;65
73430008;"ФОП ""Берченко М.М.";300;7;734;45;66
73430009;ПП Щерба В.Л.;300;7;734;41;65
73430010;ФОП Бондарук Ю.В.;300;7;734;41;65
73430011;"ПП ""Зерно""";300;7;734;41;65
73430012;ннн;300;7;734;29;62
73430013;"ТОВ ВП ""Надія-В""";300;7;734;41;65
73430014;ннн;300;7;734;44;44
73430015;ПП Деркач Т.Г.;300;7;734;41;65
73430016;ннн;300;7;734;41;65
73430017;"ПП ""Авача""";300;7;734;41;65
73430018;ннн;300;7;734;41;65
73430019;ннн;300;7;734;41;65
73430020;ннн;300;7;734;41;65
73433600;"ТОВ ""ВКХП №2""";336;7;734;43;43
73433601;ннн;336;7;734;41;65
73433602;ннн;336;7;734;43;43
73434501;"ТОВ ""КЕДР - ВІТАЛЛ""";345;734;7;35;35
73436800;ннн;368;7;734;36;63
73436801;Немирів ДЕД;368;7;734;43;43
73438000;"ТОВ ""МЕДІКОР""";380;7;734;45;66
73438001;"ТОВ ""Газ""";380;7;734;43;43
73438002;"ТОВ ""ЕККО-ГРУПП""";380;7;734;43;43
73438003;ТОВ Інтер - Трейд;380;7;734;43;43
73438200;ннн;382;7;734;41;65
73441200;ННН;412;7;734;29;34
73441201;СВК №81  ;412;7;734;52;52
73442200;"ТОВ ""Вінфлекс""";422;7;734;43;43
73444000;"Концерн ""Поділля""";440;7;734;49;49
73444001;"ТОВ ""ВРХК""";440;7;734;49;49
73472100;"ВАТ ""УМІА""";721;7;734;45;66
73472101;"ТОВ ""Євро-2012""";721;734;7;45;66
73473001;"ТОВ ""Шляхбуд""";730;7;734;36;63
73473002;Філ.Агропромшляхбудінд-ія;730;7;734;36;63
73473003;"ТОВ Авт.група ""Богдан""";730;7;734;36;63
73489900;ФОП Гладько Н.В.;899;7;734;50;67
73489901;"ТОВ ""Фірма ""Віка-С""";899;7;734;50;67
73489902;"ТОВ ""БЕЛ ОІЛ""";899;7;734;45;66
73489903;Госпрозрах. об'єд. ринків;899;7;734;50;67
73489904;ннн;899;7;734;45;66
73489905;ННН;899;7;734;45;66
73489906;КЕВ м.Він. в/ч-4610 с.Бох;899;7;734;52;52
73489907;в/ч А-1459 с.Медв.Вушко;899;7;734;52;52
73489908;ДНЗ Вище проф. уч.№7;899;7;734;52;52
73489909;в/ч А-1231 с.Гавришівка;899;7;734;52;52
73489910;Він.облпсихлікарня №7;899;7;734;52;52
73489911;ПП Прилуцький В.Ю.;899;7;734;43;43
73489912;"ВОСТМО ""Фтизіатрія""";899;7;734;52;52
73489913;ННН;899;7;734;43;43
73489914;В/ч 0549;899;7;734;52;52
73489915;"ТОВ ""Украфлора-Вінниця""";899;7;734;44;44
73489916;ННН;899;7;734;29;62
73489917;"""Концерн Галнафтогаз""";899;7;734;29;62
73489918;ННН;899;7;734;43;43
73489919;"ТОВ УПП ""Евромед""";899;7;734;52;52
73489920;ннн;899;7;734;43;43
73489921;"ДП НЕК ""Укренерго""";899;7;734;43;43
73489922;ННН;899;7;734;52;52
73489923;ННН;899;7;734;52;52
73489924;ННН;899;7;734;52;52
73489925;ФОП Крисько Л.Д.;899;7;734;50;67
73489926;ННН;899;7;734;52;52
73489927;ННН;899;7;734;52;52
73489928;ННН;899;7;734;52;52
73489929;ННН;899;7;734;52;52
73489930;ННН;899;7;734;52;52
73489931;ННН;899;7;734;52;52
73489932;"ТОВ ""ВестОйлГруп""";899;734;7;50;67
73501100;Власне споживання;11;7;735;10;10
73501200;Корисний відпуск;12;7;735;17;17
73501700;Втрати в мережах;17;7;735;15;15
73503200;Освітлення;32;7;735;52;52
73504000;Сільгоспспоживачі;40;7;735;44;44
73515200;ннн;152;7;735;36;63
73515300;"ПП ""Інтертекст""";153;7;735;39;64
73530000;"ТОВ ""Агропослугтрансервіс";300;7;735;29;62
73530001;"ТОВ ""Подільські цукроварн";300;7;735;41;65
73530002;"ТОВ ""Бімол""";300;7;735;41;65
73533600;"ПрАТ ""Зернопродукт""";336;7;735;43;43
73544000;ннн;440;7;735;49;49
73589900;Мазурівський аграрний ліц;899;7;735;52;52
73589901;Укртелеком;899;7;735;52;52
73589902;Чернівці ЦРЛ;899;7;735;52;52
73589903;"ПП ""Сауляк""";899;7;735;50;67
111111111;Тестовый полезный отпуск;12;7;721;17;17
111111112;Тестовое собственное потр;11;7;721;10;10
152101100;Власні потреби;11;15;1521;10;10
152101200;Корисний відпуск;12;15;1521;17;17
152101600;Власні потреби;16;15;1521;16;16
152101700;Втрати в мережах;17;15;1521;15;15
152103000;ннн;30;15;1521;50;51
152103100;Центральна котельня;31;15;1521;50;51
152103200;Освітлення ;32;15;1521;52;52
152103300;Водоканал;33;15;1521;50;51
152103301;ннн;33;15;1521;50;51
152104000;Сільгоспспоживачі;40;15;1521;44;44
152104001;"СТОВ ""Удич""";40;15;1521;44;44
152104002;"СТОВ ""Нива""";40;15;1521;44;44
152104003;"ТОВ ""Яланецьке""";40;15;1521;44;44
152104004;"ПП ""Зоря""";40;15;1521;44;44
152104005;"ТОВ ""Чарівна Нива""";40;15;1521;44;44
152104006;"ТОВ ""Прогрес""";40;15;1521;44;44
152104007;"ТОВ ""Агро-В""";40;15;1521;44;44
152104008;"ПрАТ ""Зернопродукт""";40;15;1521;44;44
152104009;"ПСП ""Тетяна""";40;15;1521;44;44
152104010;"СТОВ ""ЛАН""";40;15;1521;44;44
152104011;"ТОВ ""Хлібороб""";40;15;1521;44;44
152104012;"ТОВ ""Устя""";40;15;1521;44;44
152104013;"ФГ ""Бойко ВКЛ""";40;15;1521;44;44
152104014;"ФГ ""НОВОСУЛКІВСЬКЕ""";40;1521;15;44;44
152112200;"ВАТ""Берш.електротех. з-д""";122;15;1521;29;31
152113800;"КП ""Завод ""Прогрес""";138;15;1521;29;62
152115000;ннн;150;15;1521;35;35
152115200;"ТОВ""Будматеріали""";152;15;1521;36;63
152115201;"ТОВ ""Будматеріали""1";152;15;1521;36;63
152115202;"ФОП""Ковальчук""";152;15;1521;44;44
152115203;"ДП ""Віноблавтодор""";152;15;1521;36;36
152115204;ФОП Телятников А.В.;152;15;1521;36;36
152130000;"ТОВ ""Джулинка ІПС""";357;15;1521;29;62
152130001;"ТОВ ""Краснопільський ЦЗ""";300;15;1521;41;42
152130002;"ДП ""Укрспирт""";300;15;1521;41;65
152130003;"ПрАТ""Бершадський комбінат";300;15;1521;41;65
152130004;"ПАТ ""Бершадьмолоко""";300;15;1521;41;65
152130005;"ПСП ""Обрій""";300;15;1521;44;44
152130006;"ТОВ ""ВКФ""Спайк""";300;15;1521;41;65
152130007;"ПАТ ""Агромаш""";300;15;1521;29;62
152130008;"ПП ""Автокрафт""";300;15;1521;29;62
152130009;"ТОВ ""АГ Джулинка""";300;15;1521;44;44
152130010;"ПП""Альянс""";300;15;1521;52;52
152130011;"ТОВ ""Осіївське""";300;15;1521;44;44
152130012;"ПСП ""ВІДРОДЖЕННЯ""";300;15;1521;44;44
152130013;"Птахокомб.""Бершадський""";300;15;1521;44;44
152130014;Бершадська ОЛІЛ ;300;15;1521;52;52
152130015;"ПСП ""Промінь""";300;15;1521;44;44
152130016;ПрАТ Бершадський комбінат;300;15;1521;41;65
152130017;"СТ ""Надія""";300;15;1521;41;65
152130018;"ТОВ ""ТПК""Якушев""";300;15;1521;41;65
152130019;"ПП ""Промтехагросервіс""";152;15;1521;29;62
152130020;ФОП Красиленко В.О.;300;15;1521;41;65
152130021;"ТОВ ""Екран""";300;15;1521;41;65
152133600;"ТОВ Рівненський елеватор""";336;15;1521;43;43
152133601;"ТОВ ""Джулинка ХПП""";336;15;1521;43;43
152133602;"ТОВ ""Джулинський елеватор";336;15;1521;41;65
152134501;"ТОВ ""Надбужжя плюс""";345;15;1521;44;44
152134502;ПП АМ Деметра;345;15;1521;44;44
152134503;ФОП Вінницька Юлія Михайлівна;345;15;1521;44;44
152135700;Бершадь КРРТ РТПС;357;15;1521;52;52
152136100;"СТ ""Бершадський хліб""";361;15;1521;41;65
152144001;"ПрАТ ""БЕРШАДЬБУД""";440;1521;15;49;49
152170100;"ТОВ ""Жорняки""";701;15;1521;44;44
152172100;"ПП ""Укртаснальберо""";721;15;1521;35;35
152189900;"ПП ""АМ Деметра""";899;15;1521;52;52
152189901;"ТОВ ""Флора""";899;15;1521;44;44
152189902;"ТОВ ""Світанок-Агросвіт""";899;15;1521;44;44
152189903;ФОП Продиус В.П.;899;15;1521;50;67
152189904;"СТ ФК ""Бершадь""";899;15;1521;50;67
152189905;ФОП Вінницька Ю.М.;899;15;1524;50;67
152201100;Власне споживання;189;15;1522;10;10
152201200;Карисний відпуск;12;15;1522;17;17
152201600;Власні потреби;16;15;1522;16;16
152201700;Втрати в мережах;17;15;1522;15;15
152203100;Бершадський автодор;31;15;1522;50;67
152203101;"ФОП "" Гречанюк В.П";31;15;1522;41;41
152203200;Освітлення і обут;32;15;1522;52;52
152203300;"ДП ""Гайсинводоканал""";33;15;1522;50;51
152203301;ннн;33;15;1522;50;51
152203302;ннн;33;15;1522;50;51
152204000;Сільгоспспоживачі;40;15;1522;44;44
152204001;"ПрАТ ""Райагрохім""";40;15;1522;52;52
152204002;"ТОВ ПК ""Зоря Поділля""";40;15;1522;41;42
152204003;"ТОВ ""Агропромпереробка""";40;15;1522;44;44
152204004;"ДП ""Гайсинстий райагроліс";40;15;1522;44;44
152204005;ннн;40;15;1522;44;44
152210100;ннн;101;15;1522;29;62
152210400;"ПАТ ""Укртрансгаз"" КС-18";104;15;1522;45;48
152210401;"ВРТП ""Укргазенергосервіс""";104;15;1522;29;62
152210402;ДК Укртрансгаз АГНСК ;104;15;1522;29;62
152213400;"ПрАТ ""Сільгосптехніка""";134;15;1522;29;62
152213500;"СТ ""Ясень""";135;15;1522;52;52
152213501;ннн;135;15;1522;52;52
152213502;ннн;135;15;1522;45;66
152213800;"ТОВ "" Ріва Сталь""";138;15;1522;36;36
152214300;"ДПФ ""Орізон-Бета""";143;15;1522;29;62
152214500;"ТОВ ""Гайсинський машзавод";145;15;1522;29;62
152214501;"ТОВ ""Ферко""";145;15;1522;29;62
152214502;"ТОВ енерг. к-я ""Біо-Терм""";145;15;1522;29;62
152215000;ннн;150;15;1522;35;35
152215200;"ТОВ ""Гайсин цегельний з-д";152;15;1522;36;63
152215300;В/Ч А-0707;153;15;1522;52;52
152230000;Гайсинський спиртзавод;300;15;1522;41;65
152230001;ннн;300;15;1522;41;65
152230002;ТОВ Гайс. консервний з-д;300;15;1522;41;65
152230003;Гайсинський молокозавод;300;15;1522;41;65
152230004;"ПП ""Гайсин - мясокомбінат";300;15;1522;41;65
152230005;ДП Гайсинське лісове гос.;300;15;1522;44;44
152230006;ДП ТЕГРА Україна ЛТД;300;15;1522;41;65
152230007;"МП ""Алла""";300;15;1522;41;65
152230008;"ТОВ ""Корпорація ""СКІФ - 96""";300;1522;15;43;43
152233600;"ТОВ ""ЛУІ Дрейфуз Кормдіт.";336;15;1522;43;43
152233601;ВП Гайсин хліб;336;15;1522;41;65
152233602;ВП Гайсинський КХП;336;15;1522;41;65
152233603;"ТОВ""Нюсайнс ріел інс.ЛТД""";336;15;1522;41;65
152233604;ннн;336;15;1522;41;65
152235700;"ПАТ ""Укртелеком"" ВФ";357;15;1522;52;52
152238200;Гайсин ККП;382;15;1522;41;65
152270100;ННН;701;15;1522;29;62
152270101;ННН;701;15;1522;29;62
152271600;"ФОП "" Капула С.І.";716;15;1522;50;51
152272100;Гайсин АТП 10506;721;15;1522;45;66
152272101;"Філія ""Гайсин райавтодор""";721;15;1522;49;49
152272102;"ТОВ ""Райміжгоспшляхбуд""";721;15;1522;49;49
152289900;"ПП ""Кріон Плюс""";899;15;1522;52;52
152289901;"ТОВ ""Авеста""";899;15;1522;29;62
152289902;"ТОВ ""Автогазбудсервіс""";899;15;1522;52;52
152289903;РТМО;899;15;1522;52;52
152289904;В/ч А3769;899;15;1522;52;52
152289905;ФОП Капула С.І.;899;15;1522;52;52
152289906;"ПАТ ""ДТЕК ЗАХІДЕНЕРГО""";899;15;1522;52;52
152289907;"ДК ""Швейцарія""";899;15;1522;52;52
152289908;ФОП Маліновський І.С.;899;15;1522;52;52
152289909;ФОП Іщук Ю.І.;899;15;1522;52;52
152289910;ФОП Гречанюк Л.П.;899;15;1522;50;67
152289911;"ФОП ""Місяць""";899;15;1522;52;52
152289912;ТОВ Комертон;899;15;1522;52;52
152289913;ФОП Маланчак І.С.;899;15;1522;52;52
152289914;ннн;899;15;1522;52;52
152289915;"ФОП ""Зісман""";899;15;1522;52;52
152301100;Власне споживання брутто;11;15;1523;10;10
152301200;Корисний відпуск;12;15;1523;17;17
152301700;Втрати в мережах;17;15;1523;15;15
152301800;Виробничі потреби;18;15;1523;11;11
152303100;ннн;31;15;1523;50;51
152303200;Освітлення;32;15;1523;52;52
152303300;ннн;33;15;1523;50;51
152304000;Сільгоспспоживачі;40;15;1523;44;44
152304001;"ТОВ ""Укртехнофосплюс""";40;15;1523;44;44
152304002;"ТОВ ""Світоч""";40;15;1523;44;44
152310400;КС - 36;104;15;1523;45;48
152315000;ннн;150;15;1523;35;35
152315200;"ПП ""Іллін. цегельний з-д""";152;15;1523;36;63
152315201;ннн;152;15;1523;36;63
152330000;"ТОВ ""Бестінвест-енерго""";300;15;1523;41;42
152330001;"ТОВ ""Іллін. цукр. завод""";300;15;1523;41;42
152330002;"ТОВ ""Русь-Інвест""";300;15;1523;41;42
152330003;ннн;300;15;1523;36;63
152330004;Дашів РМЗ;300;15;1523;29;62
152330006;"ТОВ ""Люсдорф""";300;15;1523;41;65
152333600;"ТОВ ""Укр. елев. компанія""";336;15;1523;43;43
152334500;ДП Іллінецьке лісгосп;345;15;1523;44;44
152372100;ннн;721;15;1523;45;66
152373000;"ТОВ ""Іллінецький спецкар""";730;15;1523;36;63
152373001;ннн;730;15;1523;36;63
152389900;"ТОВ ""Північ скло""";899;15;1523;50;67
152389901;"ТОВ ""Шефф-Груп""";899;15;1523;50;67
152389902;"ТОВ ""Біоенерготрейд-2011""";899;15;1523;50;67
152389903;"СП ТОВ ""Райффайзен-Агро""";899;15;1523;50;67
152401100;Власне споживання;11;15;1524;10;10
152401200;Корисний відпуск;12;15;1524;17;17
152401700;Втрати в мережах;17;15;1524;15;15
152401800;Виробничі потреби;18;15;1524;16;16
152403200;Освітлення;32;15;1524;52;52
152403300;ДП Крижопільводоканал;33;15;1524;50;51
152404000;Сільгоспспоживачі;40;15;1524;44;44
152404001;"ПП ""Кряж"" Елеваторний ком";40;15;1524;44;44
152404008;ннн;40;15;1524;44;44
152415000;ДП Крижоп. лісове госп.;150;15;1524;35;35
152415200;"ТОВ ""Керамсвіт""";152;15;1524;36;63
152415300;"ТОВ ""Іскра"" Городківська ";153;15;1524;39;39
152430000;"ТОВ ""ТЕРРА ФУД""";300;15;1524;41;65
152430001;"КООП ""Гірник""";300;15;1524;36;63
152430005;"ВАТ ""Крижоп. цукрозавод""";300;15;1524;41;42
152430007;"ПрАТ ПК ""Поділля""";300;15;1524;41;42
152430008;ТОВ Подільські цукроварні;300;15;1524;41;42
152430009;ФОП Гуцол А.М.;300;15;1524;52;52
152430010;"ТОВ ""Авіс""";300;15;1524;41;65
152430011;"ТОВ ""Інтер Фуд"" тр-р№2";300;15;1524;41;65
152433600;"ТОВ ""Крижоп. елеватор""";336;15;1524;41;65
152433601;ннн;336;15;1524;41;65
152435700;"ПАТ ""Укртелеком""";357;15;1524;52;52
152466001;"Філія ""Криж. райавтодор""";131;15;1524;45;66
152472100;ннн;721;15;1524;45;66
152472101;Райавтодор;721;15;1524;45;66
152473000;"МКСП ""Шляхбуд""";370;15;1524;49;49
152489900;"ПП""Кряж""";899;15;1524;41;65
152489901;"ТОВ ""Вінцемент""";899;15;1524;36;63
152489902;Заболотнянський санаторій;899;15;1524;52;52
152489903;"ТОВ ДС ""Зелена діброва""";899;15;1524;50;67
152489904;Відділ освіти Криж. ДА;899;15;1524;52;52
152489905;"ПрАТ ""Феплес""";899;15;1524;44;44
152489906;Крижопільська ОЛІЛ;899;15;1524;52;52
152489907;ВПУ-№31;899;15;1524;52;52
152489908;ДП Крижопільський ВЦ-113;899;15;1524;52;52
152489909;"ПП ""Мальвіна""";899;15;1524;50;67
152489910;"ОСББ ""9-го Січня , 6-а""";899;1524;15;52;52
152501100;Власне споживання;11;15;1525;10;10
152501200;Корисний відпуск;12;15;1525;17;17
152501700;Втрати в мережах;17;15;1525;15;15
152501800;Виробничі потреби;18;15;1525;16;16
152503101;ДП Липовецьводоканал;31;15;1525;50;51
152503200;Освітлення;32;15;1525;52;52
152503300; Липовецький водоканал;33;15;1525;50;51
152504000;Сільгоспспоживачі;40;15;1525;44;44
152504001;ННН;40;15;1525;44;44
152504002;"ПАТ ""Турбівське""";40;15;1525;44;44
152504003;"ФГ ""Україна""";40;15;1525;44;44
152504004;"СТОВ""Агротехніка""с.Вахнів";40;15;1525;44;44
152504005;"СТОВ ""Рапсодія""";40;15;1525;44;44
152504006;"ФСГ ""ЕЛЕНА""";40;1525;15;44;44
152513800;"ВАТ ""Атеко""";138;15;1525;29;62
152513801;НН;138;15;1525;29;62
152515000;ННН;150;15;1525;36;36
152515200;ПАТ Південьзахідшляхбуд;152;15;1525;36;63
152515201;ННН;152;15;1525;36;63
152515202;"ВАТ ""Турбівкаолінзавод""";152;15;1525;36;63
152515203;Липовецький цегельний з-д;152;15;1525;36;63
152515204;ннн;152;15;1525;36;63
152515205;"ДП ""Він.спецкар""єр""";152;15;1525;36;63
152515206;ПП Марківська О.С.;152;15;1525;29;62
152515207;ннн;152;15;1525;29;62
152515208;"ТОВ ""Перспектива""";152;15;1525;29;62
152515209;"ПП ""СООВ""";152;15;1525;29;62
152518901;"РП ""Агромаш""";189;15;1525;29;62
152530000;"ТОВ ""СХК Він.пром.група""";300;15;1525;29;62
152530001;"ТОВ ""Липов. маслосир з-д""";300;15;1525;41;65
152530002;"ТОВ ""ВІК""";300;15;1525;41;65
152530003;ТзОВ Турбів. цукрова комп;300;15;1525;41;42
152530004;"ТОВ ""Хлібна країна""";300;15;1525;41;42
152530005;"ТОВ Концерн ""Сімекс -Агро";300;15;1525;41;65
152530006;"ТзОВ ""Яблуневий дар""";300;15;1525;41;65
152530007;"ТОВ ""КДХ"" Альтернатив.ен.";300;15;1525;41;65
152530008;ФОП Конар В.І.;300;15;1525;41;65
152530009;ПП Грубий;300;15;1525;29;62
152533600;"ПрАТ ""РАМБУС""";336;15;1525;43;43
152533601;"ТОВ ""ЕК КУСТО АГРО""";336;15;1525;43;43
152533602;"ТОВ ""Ямі-Лімітед""";336;15;1525;43;43
152533603;"ТОВ ""Млинпром""";336;15;1525;41;65
152533604;"ТОВ ""ПРОД - МОВА""";336;15;1525;43;43
152533605;"ПП ""ЄЛЕНА""";336;1525;15;43;43
152535700;"ПАТ ""Укртелеком""";357;15;1525;50;67
152572100;ННН;721;15;1525;43;43
152573000;"Філія ""Лип.райавтодор""";730;15;1525;45;66
152589900;Зозов аграрний ліцей;899;15;1525;52;52
152589901;РТМО;899;15;1525;52;52
152589902;ФОП Плахотнюк О.В.;899;15;1525;50;67
152589903;Школа - інтернат;899;15;1525;52;52
152589904;"ТОВ ""СВНКС"" АВГУСТ""";899;15;1525;52;52
152589905;"ТОВ ""Елісторг""";899;15;1525;44;44
152589906;"ТОВ ""Він-пелета""";899;15;1525;43;43
152589907;ФОП Конар В.І.;899;15;1525;50;67
152601100;Власне споживання;11;15;1526;10;10
152601200;Корисний відпуск;12;15;1526;17;17
152601600;Власні потреби;16;15;1526;16;16
152601700;Втрати в мережах;17;15;1526;15;15
152603101;"ТОВ ""Вікітан""";31;15;1526;50;67
152603102;Немирівський ККП;31;15;1526;50;67
152603200;Освітлення;32;15;1526;52;52
152603500;ннн;35;15;1526;45;66
152604000;Сільгоспспоживачі;40;15;1526;44;44
152604001;Немир.комбикорм.з-д;40;15;1526;41;65
152604002;"ТОВ ""Ситковецьке""";40;15;1526;44;44
152604003;"ТОВ ""Зоря Поділля""";40;15;1526;44;44
152604004;"ТОВ ""Байєр-Вінн""";40;15;1526;44;44
152604005;"ПрАТ ""Райагрохім""";40;15;1526;44;44
152604006;"ТОВ ""Агро-Астра""";40;15;1526;44;44
152604007;"СВК ""Марксівський""";40;15;1526;44;44
152610400;Немирів УГГ;104;15;1526;29;62
152610800;"ТОВ ""ПАН - ДЕКОР""";108;15;1526;26;61
152610900;ННН;109;15;1526;52;52
152613500;ННН;135;15;1526;29;62
152613501;ТВП Брацлав;135;15;1526;29;62
152613502;"ТОВ ""Брік""";135;15;1526;45;66
152615200;"ТОВ ""ЗЕТ ГРУПП""";152;15;1526;36;63
152615202;Немирів ЗБВ;152;15;1526;36;63
152615203;"Грабівці кар""єр";152;15;1526;36;63
152615204;ннн;152;15;1526;36;63
152615205;"ТОВ ""Юбіпартнер девелопме";152;15;1526;36;63
152615301;"ТОВ ""Веселка""";153;15;1526;39;64
152630000;Немирівський спиртзавод;300;15;1526;41;65
152630001;ннн ннн;300;15;1526;41;42
152630003;ннн;300;15;1526;41;42
152630004;"ТОВ ""ТЕРРА ФУД""";300;15;1526;41;65
152630006;ннн;300;15;1526;36;63
152630007;"ВАТ Немиров РП ""Агромаш""";300;15;1526;29;62
152630008;ннн;300;15;1526;41;65
152630009;"ДП ""УВК NEMIROFF"" №1250";300;15;1526;41;65
152630010;"Брацлав ВАТ ""Агромаш""";300;15;1526;29;62
152630011;"ДП ""УГК NEMIROFF"" Леніна";300;15;1526;41;65
152630012;ннн;300;15;1526;41;65
152630013;ннн;300;15;1526;41;65
152630014;ннн;300;15;1526;49;49
152630015;ннн;300;15;1526;49;49
152630016;ннн;300;15;1526;29;62
152630017;ннн;300;15;1526;41;65
152630018;"ПП ""Ремонтник""";300;15;1526;29;62
152630019;Немирів ГКХ;300;15;1526;41;65
152630020;ннн;300;15;1526;29;62
152630021;"ДП ""УВК NEMIROFF"" №630";300;15;1526;41;65
152630022;"ТОВ ""Амбар+""";300;15;1526;41;65
152630023;"ТОВ ""Каролінський елеват.";300;15;1526;41;65
152630024;Лікерогорілчані склади;300;15;1526;41;65
152633600;ннн;336;15;1526;43;43
152633601;ФОП Чернілевська Р.Г.;336;15;1526;41;65
152633602;ННН;336;15;1526;41;65
152635000;ннн;350;15;1526;36;63
152635700;ННН;357;15;1526;52;52
152635701;ННН;357;15;1526;52;52
152635702;ННН;357;15;1526;52;52
152635703;ПАТ Укртелеком (ЦЛКС);357;15;1526;52;52
152669905;Брацловський агрономічние;899;15;1526;52;52
152672100;ННН;721;15;1526;45;66
152672101;ННН;721;15;1526;45;66
152672102;ННН;721;15;1526;45;66
152673000;Немирівська ДЕД;730;15;1526;49;49
152673001;Райавтодор;730;15;1526;45;66
152689301;Він.промислова група;899;15;1526;52;52
152689900;Немирів ЦРЛ;899;15;1526;52;52
152689901;ТОВ СХК Він.пром. група;899;15;1526;52;52
152689902;"СФГ ""Буг""";899;15;1526;52;52
152689903;"Санаторій ""Авангард""";899;15;1526;52;52
152689904;Немирів буд.технікум;899;15;1526;52;52
152689905;Брацлав агроекон. коледж;899;15;1526;52;52
152689906;"ТОВ ""МАКТРАНСТЕЙД""";899;15;1526;50;67
152689907;ПП Демиденко В.М.;899;15;1526;50;67
152689908;Нем. Професійний коледж;899;15;1526;52;52
152689909;Психоневрологічний дисп.;899;15;1526;52;52
152689910;Брацлав школа-інтернат;899;15;1526;52;52
152689911;ПП Сокол В.І.;899;15;1526;50;67
152689912;"ТОВ ""ВОГ РІТЕЙЛ""";899;15;1526;50;67
152701100;Власне споживання;11;15;1527;10;10
152701200;Корисний відпуск;12;15;1527;17;17
152701700;Втрати в вмережах;17;15;1527;15;15
152701800;Виробничі потреби;18;15;1527;16;16
152703001;Піщанська ЛПЛ;30;15;1527;52;52
152703200;Освітлення;32;15;1527;52;52
152703300;РУЖКГ;33;15;1527;50;51
152703600;ннн;36;15;1527;45;46
152704000;Сільгоспспоживачі;40;15;1527;44;44
152710101;"ТОВ ""Він Солар""";101;15;1527;43;43
152713400;ннн;134;15;1527;29;62
152713401;ннн;134;15;1527;29;62
152713800;"ПАТ ""Плазма Тек""";138;15;1527;29;62
152730000;ннн;300;15;1527;36;63
152730001;ннн;300;15;1527;41;42
152730002;Сирзавод;300;15;1527;41;65
152733600;"ПАТ ""Попелюхське ХПП""";336;15;1527;43;43
152741200;Піщаннська ВК-59;412;15;1527;29;62
152789900;"СВК ""Прогрес""";899;15;1527;52;52
152789901;"ПСП ""Промінь";899;15;1527;52;52
152789902;"ТОВ ""ВІН Солара""";899;15;1527;43;43
152789903;Піщанська ЛПЛ;899;1527;15;52;52
152801100;Власне споживання,;11;15;1528;10;10
152801200;Корисний відпуск;12;15;1528;17;17
152801600;Виробничі потреби;18;15;1528;16;16
152801700;Втрати в мережах;17;15;1528;15;15
152803200;Освітлення і побут;32;15;1528;52;52
152804000;Сільгоспспоживачі;40;15;1528;44;44
152804001;"СФГ ""Зірка"" с.Малинки";40;15;1528;44;44
152804002;"СТОВ ""Зоря"" с. Андрушівка";40;15;1528;44;44
152804003;"СТОВ ""Росія"" с.Станилівка";40;15;1528;44;44
152804004;"СФГ ""Бухнівське""";40;15;1528;44;44
152804005;"СФГ ""Дружба-Л"" с.Гончиця";40;15;1528;44;44
152804006;"СФГ ""Лан-П""с.Дзюньків";40;15;1528;44;44
152804007;"ФГ ""Колотуцького""";40;15;1528;44;44
152804008;"ТОВ ""Союз-Агро-Пром""";40;15;1528;44;44
152804009;"СТОВ ""Дніпро"" с.Мончин";40;15;1528;44;44
152804010;"ТОВ ""Погребищенське""";40;15;1528;44;44
152804011;"ТОВ Фірма ""Руна""";40;15;1528;44;44
152804012;"ПП ""Ольвія""с. Мончин";40;15;1528;44;44
152804013;ннн;40;15;1528;44;44
152804014;ннн;40;15;1528;44;44
152815200;ннн;152;15;1528;36;63
152815201;ннн;152;15;1528;36;63
152815202;ннн;152;15;1528;36;63
152830000;ннн;300;15;1528;41;65
152830001;"ТОВ ПК ""Зоря Поділля""";300;15;1528;41;65
152830002;"ТОВ ""Погреб.маслосирза-д""";300;15;1528;41;65
152830003;"ТОВ ПК ""Зоря Поділля""";300;15;1528;41;42
152830004;ннн;300;15;1528;49;49
152833600;"ТОВ ""Зерногрупа ЛТД""";336;15;1528;43;43
152833601;"ТОВ ""Ржевуська Млин""";336;15;1528;41;65
152835000;Погреб. філія КЕВРЗ;350;15;1528;29;62
152835001;"ДП""Нафком-Агро""(комб)";350;15;1528;41;65
152872100;"ТОВ""Юнашківський гранк -р";721;15;1528;36;63
152873000;Райавтодор;730;15;1528;49;49
152889900;"ТОВ ""Погребищ. з-д Ідеал""";899;15;1528;43;43
152889901;ннн;899;15;1528;44;44
152889903;ннн;899;15;1528;43;43
152901100;Власне споживання;11;15;1529;10;10
152901200;Корисний відпуск;12;15;1529;17;17
152901600;Виробничі потреби;16;15;1529;16;16
152901700;Втрати в мережах;17;15;1529;15;15
152903200;Освітлення і побут;32;15;1529;52;52
152904000;Сільгоспспоживачі;40;15;1529;44;44
152904001;"СВК ""Поділля""";40;15;1529;44;44
152904002;"СВК ""Залужський""";40;15;1529;44;44
152904003;"ТОВ ""Рубін""";40;15;1529;44;44
152904004;"ТОВ  ""Райагрохім""";40;15;1529;44;44
152904005;"ТОВ ""Маяк""";40;15;1529;44;44
152904006;"АКПП ""Дружба""";40;15;1529;44;44
152904007;"ТОВ ""Заря Поділля""";40;15;1529;44;44
152904008;ТОВ Янів;40;15;1529;44;44
152904009;"ПрАТ ""Зернопродукт МХП""";40;15;1529;44;44
152904010;ннн;40;15;1529;44;44
152904011;ннн;40;15;1529;44;44
152904012;"СТОВ АФ ""Россоша""";40;15;1529;44;44
152904013;"ТОВ ""Тепл.відгот.компл.""";40;15;1529;44;44
152904014;"""Зоря Поділля"" с.Побірка";40;15;1529;44;44
152904015;"""Зоря Поділля"" с.Мочулка";40;15;1529;44;44
152904016;"ТОВ ""Теплик - Агро""";40;15;1529;44;44
152904017;"ТОВ ""Антарис -Агро""";40;15;1529;44;44
152904018;"""Зоря Поділля"" с.Брідок";40;15;1529;44;44
152904019;"""Зоря Поділля"" с.Комарівк";40;15;1529;44;44
152904020;"""Зоря Поділля"" с.Карабелі";40;15;1529;44;44
152904021;"ТОВ ""Виробник Агро""";40;15;1529;44;44
152904022;"МПП ""Фірма Гарант""";40;1529;15;44;44
152915200;"МКП ""Індустрія""";152;15;1529;36;63
152915201;"ТОВ ""МВЛ Інвестгруп""";152;15;1529;36;63
152915202;"ТОВ ""ПКФ Граніти Теплика""";152;15;1529;36;63
152930000;Бджільнянський спиртзавод;300;15;1529;41;65
152930001;Молокозавод;300;15;1529;41;65
152930002;ФОП Рижий В.А.;300;15;1529;41;65
152930003;"ТОВ ""Аграр. цукр. альянс""";300;15;1529;41;42
152930004;ФОП Худа;300;15;1529;41;65
152930005;ннн;300;15;1529;41;65
152930006;ннн;300;15;1529;41;65
152930007;"ТОВ ""Агро-Соя""";300;15;1529;41;65
152930010;"ТОВ ""Теплик молокозавод""";300;15;1529;41;65
152933600;"ТОВ ""Кубличський елеватор";336;15;1529;43;43
152933601;ннн;336;15;1529;41;65
152933602;"ПрАТ ""Зернопродукт МХП""";336;15;1529;41;65
152933604;ннн;336;15;1529;41;65
152933605;"ТОВ "" Теплик КХП""";336;15;1529;41;65
152935700;"ТП№18 ВФПАТ""Укртелеком""";357;15;1529;52;52
152937000;Райшляхдільниця;370;15;1529;45;66
152971700;"ТОВ "" МВЛ-Інвестгруп""";717;15;1529;36;36
152973000;ннн;730;15;1529;45;66
152989900;ННН;899;15;1529;29;62
152989901;Теплицький ПАЛ;899;15;1529;52;52
152989902;КУ ЦРЛ;899;15;1529;52;52
152989903;СВК Сокирянський;899;15;1529;44;44
152989904;ПП Агро Ніка;899;15;1529;44;44
152989905;Телеком;899;15;1529;52;52
152989906;Граніти Теплика;899;15;1529;52;52
153101100;Власне споживання;11;15;1531;10;10
153101200;Корисний відпуск;12;15;1531;17;17
153101700;Втрати в мережах;17;15;1531;15;15
153103200;Освітлення і побут;32;15;1531;52;52
153103300;Водоканал;33;15;1531;50;51
153103301;ннн;33;15;1531;50;51
153103302;"ТОВ НВКП ""Укрінтал-сервіс";440;15;1531;49;49
153104000;Сільгоспспоживачі;40;15;1531;44;44
153104001;"ТОВ ""Едельвейс""";40;15;1529;44;44
153104002;"ТОВ ""Зелена Долина""";40;15;1531;44;44
153104003;"СТОВ ""Суворівське""";40;15;1531;44;44
153104004;"ТОВ ""Кролікофф""";40;15;1531;44;44
153104005;"ПСП ""Зоря""";40;15;1531;44;44
153104006;"ПрАТ ""Зернопродукт МХП""";40;15;1531;44;44
153104007;"ПСП ""Левківці""";40;15;1531;44;44
153104008;"СВАТ ""Дружба""";40;15;1531;44;44
153104009;Тульчин. упр. водного гос;40;15;1531;44;44
153104010;ФОП Гольман О.М.;40;15;1531;44;44
153104011;"ТОВ ""Богданівське""";40;15;1531;44;44
153104012;"ПАТ ""Кряж і К""";40;15;1531;44;44
153104013;"СТОВ ""Ульянівське""";40;15;1531;44;44
153114500;"З-д ""Старт""";145;15;1531;29;62
153115000;Подільська ен. к-я;150;15;1531;29;62
153115001;Шпиків ДОЗ;152;15;1531;35;35
153115002;ФОП Руда Л.Г.;150;15;1531;35;35
153115003;"ТОВ ""Гран монтаж""";150;15;1531;35;35
153115301;Тульчин швейна фабрика;153;15;1531;39;64
153115302;"ТОВ ""Дзвін-1"" (взуттєва)";153;15;1531;39;64
153115303;"ТОВ ""Гран Монтаж""";153;15;1531;39;64
153130001;"ФГ ""Україна""";300;15;1531;41;65
153130002;"ТОВ""Подільські цукроварні";300;15;1531;41;42
153130003;Тульчин м'ясокомбінат;300;15;1531;41;65
153130004;"ТОВ ""ТЕРА-ФУД""";300;15;1531;41;65
153130006;"ТОВ ""Шпиків молокозавод""";300;15;1531;41;65
153130007;ФОП Мельник Л.М. ;300;15;1531;41;65
153130008;"ПП ""Тиманівський хліб""";300;15;1531;41;65
153130009;Тульчин консервний завод;300;15;1531;41;65
153130010;"ТОВ ""АГРОМАШ""";300;15;1531;29;62
153130011;"Автоцентр ""Камаз""";300;15;1531;29;62
153130012;"ТОВ ""Ремонтник""";300;15;1531;29;62
153130013;"ТОВ ""Діана""";300;15;1531;41;65
153130014;"ТОВ ""Туль-Чікен""";300;15;1531;41;65
153130015;ФОП Бєлова С. Є.;300;1531;15;41;65
153133600;"МП ""Сільничанка""";336;15;1531;43;43
153133601;"ПП ""Кряж""";336;15;1531;41;65
153134500;Тульчинська ДЕД;345;15;1531;49;49
153134501;ФОП Троян О. М.;345;1531;15;35;35
153136800;"ТОВ ""Юрмаксгаз""";368;15;1531;45;48
153136801;Райавтодор;368;15;1531;45;66
153144010;"ТОВ НВКП ""Укрінтал-сервіс";440;15;1531;36;63
153171700;"ТОВ ""Фенікс""";717;15;1531;49;49
153172100;Тульчин АТП-10507;721;15;1531;45;66
153172101;АТП 10557;721;15;1531;45;66
153172400;"КП ""Кирнасівьке""";724;15;1531;50;51
153189901;"ТУ ДП ""Укрветсанзавод""";899;15;1531;43;43
153189902;ПП Капула С.І.;899;15;1531;52;52
153189903;Тульчинська ЦРЛ;899;15;1531;52;52
153189904;"СТОВ ""Аквавіка""";899;15;1531;44;44
153189905;Тульч.лісомисливське г-во;899;15;1531;35;35
153189906;Поділляресурс;899;15;1531;44;44
153189907;Тульчинська рай. лікарня;899;15;1531;52;52
153189908;ПП Левчук Ю.Т.;899;15;1531;52;52
153189909;Тульчин РСТ;899;15;1531;52;52
153189910;ПП Чухній О.Б.;899;15;1531;52;52
153189911;Тульчинський ринок;899;15;1531;52;52
153189912;"ДКГ ""Уют""";899;15;1531;52;52
153189913;"ДП ""Комунальник-2""";899;15;1531;50;67
153189914;Печера обласна лік-ня;899;15;1531;52;52
153189915;Тульчин ВПУ-41;899;15;1531;52;52
153189916;Тульчинська шк. інтернат;899;15;1531;52;52
153189917;ФОП Щерб Н.Н.;899;15;1531;50;67
153201100;Власне споживання;11;15;1532;10;10
153201200;Корисний відпуск;12;15;1532;17;17
153201600;Виробничі потреби;16;15;1532;16;16
153201700;Втрати в мережах;17;15;1532;15;15
153203200;Освітлення і побут;32;15;1532;52;52
153203300;Вапнярка водоканал;33;15;1532;50;51
153203301;"ДП ""Томашпільводоканал""";33;15;1532;50;51
153203600;ННН;36;15;1532;45;46
153204000;Сільгоспспоживачі;40;15;1532;44;44
153230000;"ВП ""Томашпільцукор""";300;15;1532;41;42
153230001;"ТОВ ""ТЕРРА-ФУД""";300;15;1532;41;65
153233600;"ТОВ ""Вапнярський елеватор";336;15;1532;43;43
153235000;"ТОВ ""Зернопродукт-Липівка";350;15;1532;41;65
153235700;"ПрАТ ПК""Поділля"" ""Колос""";357;15;1532;44;44
153235701;"ПрАТ ПК""Поділля""с.Ялтан.";357;15;1532;44;44
153238000;Торговий дім Фінпром;380;15;1532;52;52
153272100;Томашпільська ІПС;721;15;1532;44;44
153289900;"ПСП ""Перемога""";899;15;1532;44;44
153289901;Вапнярський ГКГХ;899;15;1532;43;43
153289902;ПП Спориш Н.І.;899;15;1532;43;43
153289903;"СФГ ""Вікторія""";899;15;1532;44;44
153289904;"ПП ""Фатіма -Агро""";899;15;1532;44;44
153289905;"СТОВ ""Зелений клин""";899;15;1532;44;44
153289906;ПП Левченко А.В.;899;15;1532;52;52
153289907;"ПП ""Мік-Агро""";899;15;1532;44;44
153289908;"ПАТ ""Укртелеком""";899;15;1532;52;52
153301100;Власне споживання;11;15;1533;10;10
153301200;Корисний відпуск;12;15;1533;17;17
153301600;Власні потреби;16;15;1533;16;16
153301700;Втрати в мережах;17;15;1533;15;15
153303200;Освітлення;32;15;1533;52;52
153304000;Сільгоспспоживачі;40;15;1533;44;44
153304001;"СФГ ""Вікторія""";40;15;1533;44;44
153304002;"АКПП ""Україна""";40;15;1533;44;44
153304003;"ТОВ ""Ободівка Агро""";40;15;1533;44;44
153304004;"ТОВ ""Агроподілля""";40;15;1533;44;44
153304005;"ПЗ ""Дружба""";40;15;1533;44;44
153304006;"ПСП ""Кристал""";40;15;1533;44;44
153304007;"ТОВ ""Тростянчик""";40;15;1533;44;44
153304008;ДПДГ Олександрівське;40;15;1533;44;44
153304009;"ТОВ ""Ободівка Агро"" (цег";40;15;1533;44;44
153304010;"АФ ""Колос""";40;15;1533;44;44
153304011;"ПрАТ ""Зернопродукт""";40;15;1533;44;44
153304012;Інкубцех ЛТЕС;40;15;1533;44;44
153310101;Ладижин ЗБК;101;15;1533;36;63
153310102;ннн;101;15;1533;36;63
153311000;Поділлявтормет;110;15;1533;52;52
153313500;"ТОВ ""Зоря Поділля""";135;15;1533;29;62
153313501;"ПП ""Промсектор""";135;15;1533;50;67
153313502;Замостянське СХТ;135;15;1533;29;62
153313503;Райагротехсервіс;135;15;1533;29;62
153315000;"ТОВ ""Ободівка-паркет""";150;15;1533;35;35
153315001;"ТОВ ""Лісмайстер""";150;15;1533;35;35
153315200;Ладижин ЗСЦ;152;15;1533;36;63
153315201;"КП ""Буддеталь""";152;15;1533;36;63
153315202;ннн;152;15;1533;36;63
153315203;"ТОВ ""Кераміка-7""";152;15;1533;36;63
153315204;МШБ ПМК-52;152;15;1533;49;49
153318900;"ДП ""ЕНЗІМ""";189;15;1533;43;43
153318901;"ВАТ ""Біолік""";189;15;1533;43;43
153318902;"ДП Ладиж.з-д ""Екстра""";189;15;1533;43;43
153330000;Тростянецький спиртзавод;300;15;1533;41;65
153330001;"ТОВ ""Супрунівське""";300;15;1533;41;42
153330002;Тростянецький мясокомбіна;300;15;1533;41;65
153330003;Тростянецький молокозавод;300;15;1533;41;65
153330004;"ТОВ ""Ферум""";300;15;1533;43;43
153330005;"ТОВ ""Дана ЛТД""";300;15;1533;41;65
153330006;Насінневий завод;300;15;1533;41;65
153330007;"ПП ""Сантрейд""";300;15;1533;43;43
153330008;"ТОВ ""Він. птахофабрика""";300;15;1533;44;44
153330009;"Подільські цукроварні""";300;15;1533;41;42
153333600;Тростянецьзерно;336;15;1533;43;43
153333601;"ПБП ""Лолік""";336;15;1533;41;65
153335000;Щебневий завод;350;15;1533;36;63
153335001;Шевченкова ЕЧ-2;350;15;1533;45;66
153335700;"ПАТ ""Укртелеком""";357;15;1533;52;52
153338000;"ПП ""Промспектр""";380;15;1533;52;52
153338001;ФОП Заяць;380;15;1533;52;52
153341200;Вінницька птахофабрика;412;15;1533;44;44
153370100;"ТОВ ""Рубін""";701;15;1533;36;63
153373000;РайДУ;730;15;1533;45;66
153373001;АБЗ шляхбуд;730;15;1533;36;63
153389900;Ладижинська ТЕС;899;15;1533;43;43
153389901;Тульчин зрош.с-ма 1-й під;899;15;1533;52;52
153389902;Тростянецька ЦРЛ;899;15;1533;52;52
153389903;Санепідемстанція;899;15;1533;52;52
153389904;Ободівка школа інтернат;899;15;1533;52;52
153389905;Лада-сервіс;899;15;1533;29;62
153389906;Пансіонат Дубрава;899;15;1533;43;43
153389907;Подільський Артек;899;15;1533;52;52
153389908;Лад коледж;899;15;1533;52;52
153389909;ПП Катерина;899;15;1533;52;52
153401100;Власне споживання;11;15;1534;10;10
153401200;Корисний відпуск;12;15;1534;17;17
153401700;Втрати в мережах;17;15;1534;15;15
153403200;Освітлення і побут;32;15;1534;52;52
153404000;Сільгоспспоживачі;40;15;1534;44;44
153404001;"СТОВ ""Ольгопіль""";40;15;1534;44;44
153404002;ннн;40;15;1534;44;44
153404003;ннн;40;15;1534;44;44
153404004;"СТОВ АФ ""Україна -О""";40;15;1534;44;44
153404005;ннн;40;15;1534;44;44
153404006;ннн;40;15;1534;44;44
153404007;ннн;40;15;1534;44;44
153404008;ннн;40;15;1534;44;44
153404009;ннн;40;15;1534;44;44
153404010;ннн;40;15;1534;44;44
153404011;ннн;40;15;1534;44;44
153415000;Держлісгосп;150;15;1534;35;35
153415200;ннн;152;15;1534;36;63
153430001;"ДП""Чечельницький спиртз-д";300;15;1534;41;65
153430002;"ТОВ ""ТЕРРА-ФУД"" КФ";300;15;1534;41;65
153430003;"ТОВ ""Райагробуд""";300;15;1534;36;63
153430005;ннн;300;15;1533;41;65
153430006;"ВАТ РП ""Агромаш""";300;15;1534;29;62
153430007;"ТОВ ""Паритет""";300;15;1534;35;35
153430008;ннн;300;15;1534;41;65
153433600;"ЛГЗ ""Імперіал""";336;15;1534;41;65
153435700;"ПАТ ""Укртелеком""";357;15;1534;52;52
153470100;ннн;701;15;1534;52;52
153472100;Райавтодор;721;15;1534;45;66
153473000;ннн;730;15;1534;29;62
153489900;"ВНФ ""Полімергаз""";899;15;1534;43;43
153489901;Ольгопільське ПТУ-35;899;15;1534;52;52
153489902;"КУ ""Чечельницька ЛПЛ""";899;15;1534;52;52
153489903;"ПП ""Супрунов""";899;15;1534;52;52
153489904;ПП Ткач;899;15;1534;52;52
153489905;Район.центр зайнятості;899;15;1534;52;52
153489906;Чечельницький РЦЗ;899;15;1534;52;52
153489907;ннн;899;15;1534;52;52
153489921;ннн;899;15;1534;43;43
153501100;Власні потреби;11;15;1535;10;10
153501200;Корисний відпуск;12;15;1535;17;17
153501600;Виробничі потреби;16;15;1535;16;16
153501700;Втрати в мережах;17;15;1535;15;15
153503200;Освітлення і побут;32;15;1535;52;52
153503300;"ДП ""Ямпільводоканал""";33;15;1535;50;51
153503301;ВПВКГ;33;15;1535;50;50
153504000;Сільгоспспоживачі;40;15;1535;44;44
153504001;ннн;40;15;1535;44;44
153504002;Держлісгосп;40;15;1535;44;44
153512200;Приладобудівний завод;122;15;1535;29;62
153513801;ПП Каменяр;138;15;1535;36;36
153515001;"ДП ""Мог.-Под. лісгосп""";150;15;1535;35;35
153515200;Цегельний з-д;152;15;1535;36;63
153515201;ннн;152;15;1535;36;63
153515202;"ПП ""Будімідж""";152;15;1535;49;49
153530000;Завод продтоварів;300;15;1535;41;65
153530001;ннн;300;15;1535;41;65
153530003;Маслосирзавод;300;15;1535;41;65
153530005;ннн;300;15;1535;43;43
153533600;"ТОВ ""Наталка""";336;15;1535;43;43
153533601;ннн;336;15;1535;41;65
153572100;Ямпільський райавтодор;721;15;1535;45;66
153572101;ннн;721;15;1535;45;66
153589900;Упр.меліорат. с-м;899;15;1535;52;52
153589901;"ТОВ ""Південь""";899;15;1535;50;67
153589902;В/Ч 2193;899;15;1535;52;52
153589903;ЦРЛ;899;15;1535;52;52
153589904;ННН;899;15;1535;52;52
153589905;"ПП ""Каменяр""";899;15;1535;52;52
153589906;ФОП Дуднік  Н. Ю.;899;15;1535;52;52
153701100;Власне  споживання;11;15;1537;10;10
153701200;Корисний відпуск;12;15;1537;17;17
153701600;Власні потреби;16;15;1537;16;16
153701700;Втрати в мережах;17;15;1537;15;15
153703200;Освітлення і побут;32;15;1537;52;52
153704000;Сільгоспспоживачі;40;15;1537;44;44
153715200;"Оратів ""Агромаш""";152;15;1537;29;62
153715201;"ТОВ ""Агробуд""";152;15;1537;29;62
153715202;Райавтодор;152;15;1537;45;66
153715203;"ТОВ ""Агрошляхбуд""";152;15;1537;49;49
153715204;"ПП ""Животівка""";152;15;1537;36;63
153730000;"ТОВ ""Клуб сиру""";300;15;1537;41;65
153730001;"ТОВ ""Серволюкс""";300;15;1537;41;65
153730002;"ТОВ ""Оратівм""ясо""";300;15;1537;41;65
153733600;"ТОВ ""Воїнське ХПП""";336;15;1537;43;43
153733601;"ПП ""Фарвуд""";336;15;1537;41;65
153789900;Оратів ЦРЛ;899;15;1537;52;52
153789901;hhh;899;15;1537;50;50
153789902;"ПАТ""Укртелеком""";899;15;1537;52;52
153789903;"ТОВ ""Оратівлатінвест""";899;15;1537;43;43
153789904;"ДП ПВКП ""Укрпостач""";899;15;1537;43;43
333333333;test;899;15;725;36;36
444444410;yyy2931;153;15;1535;29;31
444444443;yyy33;153;15;1535;29;33
444444444;yyy4141;153;15;1535;41;41
444444445;yyy4142;153;15;1535;41;42
444444446;yyy5050;153;15;1535;50;50
444444447;yyy3939;153;15;1535;39;39
444444448;yyy4545;153;15;1535;45;45
444444449;yyy4165;153;15;1535;45;48
444444450;yyy32;153;15;1535;29;32
